ID,SEQUENCE_ID,PRIMER_LEFT_SEQUENCE,PRIMER_RIGHT_SEQUENCE,PRIMER_LEFT_TM,PRIMER_RIGHT_TM,LENGTH_INTERMEDIATE_SEQUENCE,REV_RIGHT_SEQUENCE
1,coptis chinensis var. chinensis unclassified.|coptis chinensis var. brevisepala unclassified.,TCGTGTCGGATCATGCAATATTC,CGGCCAGCTACAAACAACAAATA,59.259,60.058,831,TATTTGTTGTTTGTAGCTGGCCG
2,coptis chinensis var. chinensis unclassified.|coptis chinensis var. brevisepala unclassified.,AGAGAGCTATCGTGTCGGATCAT,CCGCGTGCTCTGATTCTTTATTT,60.809,59.936,549,AAATAAAGAATCAGAGCACGCGG
3,coptis chinensis var. chinensis unclassified.|coptis chinensis var. brevisepala unclassified.,CCCGTCTTTGGTAGGAAACAGAT,ACCAACCATTTGTCAGGCTATTG,60.307,59.489,267,CAATAGCCTGACAAATGGTTGGT
4,coptis chinensis var. chinensis unclassified.|coptis chinensis var. brevisepala unclassified.,CTCCCGCCGTATGAAAGCAATAC,TTGCATGATGGACTCCTCTGAAA,61.891,59.991,310,TTTCAGAGGAGTCCATCATGCAA
5,coptis chinensis var. chinensis unclassified.|coptis chinensis var. brevisepala unclassified.,GCGTCAAATAGAACCCACCATTG,CTCCGGCCTAGATCAACCTAAGT,60.428,61.256,201,ACTTAGGTTGATCTAGGCCGGAG
6,coptis chinensis var. chinensis unclassified.|coptis chinensis var. brevisepala unclassified.,GGAGTCCATCATGCAATCAACAG,GTGGGCAATTGGGTTTGAGTATAT,59.934,59.351,1011,ATATACTCAAACCCAATTGCCCAC
7,coptis chinensis var. chinensis unclassified.|coptis chinensis var. brevisepala unclassified.,TCAGAGGAGTCCATCATGCAATC,GGATAAAGCCAGCATCAGGAGAA,60.181,60.434,1054,TTCTCCTGATGCTGGCTTTATCC
8,coptis chinensis var. chinensis unclassified.|coptis chinensis var. brevisepala unclassified.,GCTATCGTGTCGGATCATGCAATA,GGTGGGTTCTATTTGACGCCTAA,61.146,60.620,282,TTAGGCGTCAAATAGAACCCACC
9,coptis chinensis var. chinensis unclassified.|coptis chinensis var. brevisepala unclassified.,GATTCTGCCGATCCAATCAAATGT,GCCAGCATCAGGAGAATTCAAAT,59.963,59.616,1532,ATTTGAATTCTCCTGATGCTGGC
10,coptis chinensis var. chinensis unclassified.|coptis chinensis var. brevisepala unclassified.,CAATGACTCCCGCCGTATGAAAG,AAAGCCAGCATCAGGAGAATTCA,61.833,60.563,1345,TGAATTCTCCTGATGCTGGCTTT
11,coptis chinensis var. chinensis unclassified.|coptis chinensis var. brevisepala unclassified.,TCTGCCGATCCAATCAAATGTAATC,GCGGGAGTCATTGGTTCAAATC,59.761,60.159,200,GATTTGAACCAATGACTCCCGC
12,coptis chinensis var. chinensis unclassified.|coptis chinensis var. brevisepala unclassified.,ACTCCATGGATTTGAGGGAACAA,CGAACTGTTTCAAAGACCCAACA,59.924,59.872,475,TGTTGGGTCTTTGAAACAGTTCG
13,coptis chinensis var. chinensis unclassified.|coptis chinensis var. brevisepala unclassified.,CCGCCGTATGAAAGCAATACTCT,CTCCGCGTGCTCTGATTCTTTA,61.046,60.735,702,TAAAGAATCAGAGCACGCGGAG
14,coptis chinensis var. chinensis unclassified.|coptis chinensis var. brevisepala unclassified.,CCATGGATTTGAGGGAACAAGAG,AAATTTGGAATGGTGGGCAATTG,59.302,58.919,968,CAATTGCCCACCATTCCAAATTT
15,coptis chinensis var. chinensis unclassified.|coptis chinensis var. brevisepala unclassified.,AGGAAACAGATCAGAGAGCTATCG,CCTGGCATTGAATGGACTAGGTA,59.722,59.864,348,TACCTAGTCCATTCAATGCCAGG
16,coptis chinensis var. chinensis unclassified.|coptis chinensis var. brevisepala unclassified.,TACACACGCATTCATACGCATTT,TCGTCTAAGTTCAAATGGGCCTC,59.627,60.619,219,GAGGCCCATTTGAACTTAGACGA
17,coptis chinensis var. chinensis unclassified.|coptis chinensis var. brevisepala unclassified.,CGCCGTATGAAAGCAATACTCTAAC,TGATTGCATGATGGACTCCTCTG,60.332,60.433,309,CAGAGGAGTCCATCATGCAATCA
18,coptis chinensis var. chinensis unclassified.|coptis chinensis var. brevisepala unclassified.,TGGATTTGAGGGAACAAGAGAACA,CATTGGGCTCCTTCATCAACTGA,60.141,60.875,431,TCAGTTGATGAAGGAGCCCAATG
19,coptis chinensis var. chinensis unclassified.|coptis chinensis var. brevisepala unclassified.,GAGTCCATCATGCAATCAACAGAAT,GACTCGAACCGTAGACCTTCTC,59.933,59.904,590,GAGAAGGTCTACGGTTCGAGTC
20,coptis chinensis var. chinensis unclassified.|coptis chinensis var. brevisepala unclassified.,CAGATCAGAGAGCTATCGTGTCG,TGGGTTCTATTTGACGCCTAAACT,60.364,60.263,291,AGTTTAGGCGTCAAATAGAACCCA
21,coptis chinensis var. chinensis unclassified.|coptis chinensis var. brevisepala unclassified.,CCCATCACGCCACATCGATAG,TGTTGATTGCATGATGGACTCCT,60.937,60.309,238,AGGAGTCCATCATGCAATCAACA
22,coptis chinensis var. chinensis unclassified.|coptis chinensis var. brevisepala unclassified.,TACCTAGTCCATTCAATGCCAGG,CTGTTTCAAAGACCCAACATGCA,59.864,60.181,350,TGCATGTTGGGTCTTTGAAACAG
23,coptis chinensis var. chinensis unclassified.|coptis chinensis var. brevisepala unclassified.,CAGTTGATGAAGGAGCCCAATG,CGGCCAGCTACAAACAACAAATAATA,59.574,60.624,233,TATTATTTGTTGTTTGTAGCTGGCCG
24,coptis chinensis var. chinensis unclassified.|coptis chinensis var. brevisepala unclassified.,TGGTAGGAAACAGATCAGAGAGC,GTCTCTATCGCTCTGCCCAAAG,59.551,60.801,454,CTTTGGGCAGAGCGATAGAGAC
25,coptis chinensis var. chinensis unclassified.|coptis chinensis var. brevisepala unclassified.,GAGAAGGTCTACGGTTCGAGTC,GGTGGGCAATTGGGTTTGAGTA,59.904,61.084,443,TACTCAAACCCAATTGCCCACC
26,coptis chinensis var. chinensis unclassified.|coptis chinensis var. brevisepala unclassified.,CGGATCATGCAATATTCACCTTGA,AAATGGAGTCTCTATCGCTCTGC,59.484,60.244,430,GCAGAGCGATAGAGACTCCATTT
27,coptis chinensis var. chinensis unclassified.|coptis chinensis var. brevisepala unclassified.,CTTCTAAGCAATACCCGTCTTTGG,GTTTCAAAGACCCAACATGCATTT,59.667,59.184,698,AAATGCATGTTGGGTCTTTGAAAC
28,coptis chinensis var. chinensis unclassified.|coptis chinensis var. brevisepala unclassified.,ACCATTGACTGCGGTATCTAATAAGT,GCTCTCTGATCTGTTTCCTACCA,60.183,59.551,216,TGGTAGGAAACAGATCAGAGAGC
29,coptis chinensis var. chinensis unclassified.|coptis chinensis var. brevisepala unclassified.,CGTCTTTGGTAGGAAACAGATCAG,TGTTCTCTTGTTCCCTCAAATCCA,59.373,60.141,244,TGGATTTGAGGGAACAAGAGAACA
30,coptis chinensis var. chinensis unclassified.|coptis chinensis var. brevisepala unclassified.,GCCGATCCAATCAAATGTAATCAGA,CCAAAGACGGGTATTGCTTAGAA,59.761,58.741,331,TTCTAAGCAATACCCGTCTTTGG
31,coptis chinensis var. chinensis unclassified.|coptis chinensis var. brevisepala unclassified.,CGTCAAATAGAACCCACCATTGATT,GAATGGTGGGCAATTGGGTTTG,59.875,60.875,887,CAAACCCAATTGCCCACCATTC
32,coptis chinensis var. chinensis unclassified.|coptis chinensis var. brevisepala unclassified.,ATCAGAGAGCTATCGTGTCGGAT,CCAACCAACCATTTGTCAGGCTA,60.809,61.316,249,TAGCCTGACAAATGGTTGGTTGG
33,coptis chinensis var. chinensis unclassified.|coptis chinensis var. brevisepala unclassified.,TGTCGGATCATGCAATATTCACC,ACCATTTGTCAGGCTATTGTTCTC,59.185,59.298,227,GAGAACAATAGCCTGACAAATGGT
34,coptis chinensis var. chinensis unclassified.|coptis chinensis var. brevisepala unclassified.,AATGCATGTTGGGTCTTTGAAAC,TTAGTCGGGCTTATGTCATGATTT,58.620,58.319,490,AAATCATGACATAAGCCCGACTAA
35,coptis chinensis var. chinensis unclassified.|coptis chinensis var. brevisepala unclassified.,CCAGTTTAGGCGTCAAATAGAACC,CCTCCGGCCTAGATCAACCTA,59.906,60.481,211,TAGGTTGATCTAGGCCGGAGG
36,coptis chinensis var. chinensis unclassified.|coptis chinensis var. brevisepala unclassified.,CAATGACTCCCGCCGTATGA,ACACCTTCAAGTTCATAGGACGAA,59.896,59.960,556,TTCGTCCTATGAACTTGAAGGTGT
37,coptis chinensis var. chinensis unclassified.|coptis chinensis var. brevisepala unclassified.,AGCCATCTCGTTATCTTTCTGTCA,CGTATGAATGCGTGTGTATGTAATT,59.840,58.354,472,AATTACATACACACGCATTCATACG
38,coptis chinensis var. chinensis unclassified.|coptis chinensis var. brevisepala unclassified.,TCGTCCTATGAACTTGAAGGTGTAT,TTCAAATTTGGAATGGTGGGCAA,59.579,59.863,793,TTGCCCACCATTCCAAATTTGAA
39,coptis chinensis var. chinensis unclassified.|coptis chinensis var. brevisepala unclassified.,CTAGTTGTTTGTTGGTGCGGTG,AATCTATCGATGTGGCGTGATGG,60.541,60.862,364,CCATCACGCCACATCGATAGATT
40,coptis chinensis var. chinensis unclassified.|coptis chinensis var. brevisepala unclassified.,TCATTCCTACATTCTCGCTTTCG,TGGGCAATTGGGTTTGAGTATATTAG,58.887,59.451,280,CTAATATACTCAAACCCAATTGCCCA
41,coptis chinensis var. chinensis unclassified.|coptis chinensis var. brevisepala unclassified.,TTAGGCGTCAAATAGAACCCACC,TGATTCGAACTGTTTCAAAGACCC,60.620,59.725,408,GGGTCTTTGAAACAGTTCGAATCA
42,coptis chinensis var. chinensis unclassified.|coptis chinensis var. brevisepala unclassified.,TCATGCAATATTCACCTTGACAACA,CAGGCTATTGTTCTCTTGTTCCC,59.524,59.308,211,GGGAACAAGAGAACAATAGCCTG
43,coptis chinensis var. chinensis unclassified.|coptis chinensis var. brevisepala unclassified.,GGAACAAGAGAACAATAGCCTGAC,TGACAGAAAGATAACGAGATGGCT,59.607,59.840,365,AGCCATCTCGTTATCTTTCTGTCA
44,coptis chinensis var. chinensis unclassified.|coptis chinensis var. brevisepala unclassified.,AGCTATCGTGTCGGATCATGCA,GACCAACCAACCATTTGTCAGG,61.910,59.964,244,CCTGACAAATGGTTGGTTGGTC
45,coptis chinensis var. chinensis unclassified.|coptis chinensis var. brevisepala unclassified.,TGAGGGAACAAGAGAACAATAGC,TGTATGTAATTCACCCACGAAGAT,58.420,58.015,803,ATCTTCGTGGGTGAATTACATACA
46,coptis chinensis var. chinensis unclassified.|coptis chinensis var. brevisepala unclassified.,ACAAGAGAACAATAGCCTGACAAATG,CAACCGGCCAGCTACAAACAA,60.072,61.687,633,TTGTTTGTAGCTGGCCGGTTG
47,coptis chinensis var. chinensis unclassified.|coptis chinensis var. brevisepala unclassified.,TTTCAGAGGAGTCCATCATGCA,CTGGCATTGAATGGACTAGGTATTC,59.427,59.529,202,GAATACCTAGTCCATTCAATGCCAG
48,coptis chinensis var. chinensis unclassified.|coptis chinensis var. brevisepala unclassified.,GGATTTGAACCAATGACTCCCG,GGTGAATATTGCATGATCCGACAC,59.576,60.320,205,GTGTCGGATCATGCAATATTCACC
49,coptis chinensis var. chinensis unclassified.|coptis chinensis var. brevisepala unclassified.,AGTCCATCATGCAATCAACAGAATTTA,CCGGCCAGCTACAAACAACAA,59.877,61.687,699,TTGTTGTTTGTAGCTGGCCGG
50,coptis chinensis var. chinensis unclassified.|coptis chinensis var. brevisepala unclassified.,ACTTAGGTTGATCTAGGCCGGAG,GGGTTTGAGTATATTAGTCGGGCTTAT,61.256,60.527,695,ATAAGCCCGACTAATATACTCAAACCC
51,coptis chinensis var. chinensis unclassified.|coptis chinensis var. brevisepala unclassified.,GACTGCGGTATCTAATAAGTTCTACCT,CGATAGCTCTCTGATCTGTTTCCT,60.041,59.722,215,AGGAAACAGATCAGAGAGCTATCG
52,coptis chinensis var. chinensis unclassified.|coptis chinensis var. brevisepala unclassified.,GAGAACAATAGCCTGACAAATGGTT,TCAGTAGCAATACCAAAGTGTTTCA,59.816,58.941,307,TGAAACACTTTGGTATTGCTACTGA
53,coptis chinensis var. chinensis unclassified.|coptis chinensis var. brevisepala unclassified.,GGAACCCATCACGCCACATC,GGCTATTGTTCTCTTGTTCCCTCA,61.377,60.566,308,TGAGGGAACAAGAGAACAATAGCC
54,coptis chinensis var. chinensis unclassified.|coptis chinensis var. brevisepala unclassified.,TTCGTCCTATGAACTTGAAGGTG,GGGTTTGAGTATATTAGTCGGGCT,58.434,59.960,769,AGCCCGACTAATATACTCAAACCC
55,coptis chinensis var. chinensis unclassified.|coptis chinensis var. brevisepala unclassified.,CCGTATGAAAGCAATACTCTAACCAC,CTCTTGTTCCCTCAAATCCATGG,60.019,59.302,366,CCATGGATTTGAGGGAACAAGAG
56,coptis chinensis var. chinensis unclassified.|coptis chinensis var. brevisepala unclassified.,TTTACTTCTAAGCAATACCCGTCTT,TGTTCCCTCAAATCCATGGAGTA,58.296,59.150,255,TACTCCATGGATTTGAGGGAACA
57,coptis chinensis var. chinensis unclassified.|coptis chinensis var. brevisepala unclassified.,CCAGGCATAATGAGTATAAGGACCT,TCCAAATGATTCGAACTGTTTCAAAGA,59.751,60.202,347,TCTTTGAAACAGTTCGAATCATTTGGA
58,coptis chinensis var. chinensis unclassified.|coptis chinensis var. brevisepala unclassified.,CTCCCGCCGTATGAAAGCAA,CAATGGTGGGTTCTATTTGACGC,60.743,60.428,445,GCGTCAAATAGAACCCACCATTG
59,coptis chinensis var. chinensis unclassified.|coptis chinensis var. brevisepala unclassified.,CTGCGGTATCTAATAAGTTCTACCTACT,GAATATTGCATGATCCGACACGAT,59.855,59.610,233,ATCGTGTCGGATCATGCAATATTC
60,coptis chinensis var. chinensis unclassified.|coptis chinensis var. brevisepala unclassified.,TACATACACACGCATTCATACGC,TCCTAATTCGTCTAAGTTCAAATGGG,59.512,59.178,230,CCCATTTGAACTTAGACGAATTAGGA
61,coptis chinensis var. chinensis unclassified.|coptis chinensis var. brevisepala unclassified.,ATGAAAGCAATACTCTAACCACTGA,TGTCAGGCTATTGTTCTCTTGTT,58.289,58.027,377,AACAAGAGAACAATAGCCTGACA
62,coptis chinensis var. chinensis unclassified.|coptis chinensis var. brevisepala unclassified.,CATTGACTGCGGTATCTAATAAGTTCT,ATCTGTTTCCTACCAAAGACGGG,59.346,60.307,206,CCCGTCTTTGGTAGGAAACAGAT
63,coptis chinensis var. chinensis unclassified.|coptis chinensis var. brevisepala unclassified.,CCACTGAGTTAAGTAGGTCATTTATCA,GCTATTGTTCTCTTGTTCCCTCAAAT,58.742,59.848,353,ATTTGAGGGAACAAGAGAACAATAGC
64,coptis chinensis var. chinensis unclassified.|coptis chinensis var. brevisepala unclassified.,AATAAAGAATCAGAGCACGCGGA,TGTATGTAATTCACCCACGAAGATAAA,60.679,58.958,480,TTTATCTTCGTGGGTGAATTACATACA
