ID,Name,Sequence,State,Date,Quantity,Organism
1,01_AE.CN.1997.97CNGX2F,GATGATACAGTATTAGAAGATATAAATTTGCCAGGAAAATGGAAACCAAAAATGATAGGGGGAATTGGAGGTTTTATCAAGGTAAGGCAATATGATCAGATACTTATAGAAATTTGTGGAAAAAAGGCTATAGGTACAGTATTAGTAGGACCTACACCTGTCAACATAATTGGACGAAATATGTTGACTCAGCTTGGTTGTACTTTAAATTTCCCAATTAGTCCTATTGACACTGTACCAGTAACATTAAAGCCAGGAATGGATGGACCAAAGGTTAAGCAGTGGCCATTGACCGAAGAAAAAATAAAAGCCTTAACAGAAATTTGTAAAGAGATGGAAAAGGAAGGAAAAATCTCAAAAATTGGGCCTGAAAATCCATACAATACTCCAGTATTTGCTATAAAGAAAAAGGACAGCACCAAATGGAGGAAATTAGTGGACTTCAGAGAGCTCAATAAAAGAACTCAGGACTTTTGGGAAGTTCAATTAGGAATACCGCATCCAGCAGGTTTAAAAAAGAAAAAATCAGTAACAGTACTAGATGTGGGAGATGCATATTTTTCAGTTCCTTTAGATGAAAGCTTTAGAAAGTATACTGCATTTACCATACCTAGTATAAACAATGAGACACCAGGAATCAGATATCAGTACAATGTGCTGCCACAGGGATGGAAAGGATCACCGGCAATATTCCAGTGTAGCATGACAAAAATCTTAGAGCCCTTTAGAATAAAAAATCCAGAAATGGTTATCTATCAATACATGGATGACTTGTATGTAGGATCTGATTTAGAAATAGGGCAGCACAGAACAAAAATAGAGGAGCTAAGAAGTCATCTATTGAGCTGGGGATTTACTACACCAGATAAAAAGCATCAGAAGGAACCTCCATTCCTTTGGATGGGATATGAACTCCATCCTGACAGA,CN,1997,1,
2,01_AE.CN.2005.05GX012.GU564223,GATGATACAGTATTAGAAGAAATAAATTTGCCAGGAAAATGGAAACCAAAAATGATAGGGGGAATTGGAGGTTTTATTAAGGTAAGGCAATATGATCAGATACTTATAGAAATTTGTGGAAAAAAGGCTATAGGTACAGTATTAGTAGGACCCACGCCTGTCAACATAATTGGACGAAATATGTTGACTCAGATTGGTTGTACTTTAAATTTCCCAATTAGTCCTATTGACACTGTACCAGTAACATTAAAGCCAGGAATGGATGGACCAAAGGTTAAACAGTGGCCATTGACAGAAGAAAAAATAAAAGCATTAACAGAAATTTGTAAAGAGATGGAAGAGGAAGGAAAAATCTCAAAAATCGGGCCTGAAAATCCATACAATATTCCAATATTTGCTATAAAGAAAAAGGACAGCACCAAATGGAGAAAATTAGTAGATTTCAGAGAGCTTAATAAAAGAACTCAGGATTTTTGGGAAGTTCAATTAGGAATACCGCATCCGGCAGGTTTAAAAAAGAAAAAATCAGTAACAGTACTGGATGTGGGAGATGCATATTTTTCAGTTCCTTTAGATGAAAGTTTTAGAAAGTATACTGCATTCACCATACCTAGTATAAATAATGAGACACCAGGAATCAGATATCAGTACAATGTGCTGCCACAGGGATGGAAAGGATCACCAGCAATATTCCAGAGTAGCATGACAAAAATCTTAGAGCCCTTTAGAATAAAAAATCCAGAAATGGTTATTTATCAATACATGGATGACTTGTATGTAGGATCTGACTTAGAAATAGGGCAGCACAGAATAAAAATAGAGGAGCTGAGAGCTCATCTATTGAGCTGGGGATTTACTACACCAGATAAAAAGCATCAGAAGGAACCTCCATTCCTTTGGATGGGATATGAACTCCATCCTGACAGA,CN,2005,1,
3,01_AE.CN.2007.JF906597,GATGATACAGTATTAGAGGATATAAATTTGCCAGGAAAATGGAAACCAAAAATGATAGGGGGAATTGGAGGTTTTATCAAAGTAAGGCAATATGATCAGATACTTATAGAAATTTGTGGAAAAAAGGCTATAGGTACAGTGTTAGTAGGACCTACACCTGTCAACATAATTGGACGAAATATGTTGACTCAGATTGGTTGTACTTTAAATTTTCCAATTAGTCCTATTGACACTGTACCTGTAACATTAAAGCCAGGAATGGATGGACCAAAGGTTAAACAGTGGCCATTGACAGAAGAAAAAATAAAAGCATTAACAGAAATTTGTAAGGAAATGGAAGAGGAAGGAAAAATCTCAAAAATTGGGCCTGAAAATCCATATAATACTCCAGTGTTTGCTATAAAGAAAAAGGACAGCACCAAATGGAGGAAATTAGTAGATTTCAGAGAGCTCAATAAAAGAACTCAGGACTTTTGGGAAGTTCAATTAGGAATACCGCATCCAGCAGGATTAAAAAAGAAAAAATCAGTGACAGTACTAGATGTGGGAGATGCATATTTTTCAGTCCCTTTAGATGAAAACTTTAGAAAGTATACCGCATTCACCATACCTAGTATAAACAATGAGACACCAGGAATCAGATATCAGTACAATGTGCTACCACAGGGATGGAAAGGATCTCCGGCAATATTCCAGTGTAGCATGACAAAAATCTTAGAGCCCTTTAGAAGAAAAAATCCAGAGATGGTTATCTATCAATACATGGATGACTTGTATGTAGGATCTGATTTAGAAATAGGGCAGCACAGAAYAAAAATAGAGGAGCTGAGAGCTCATCTATTGAGCTGGGGATTTACTACACCAGACAAAAAGCATCAGAAGGAACCACCATTTCTTTGGATGGGATATGAACTCCATCCGGACAGA,CN,2007,1,
4,01_AE.CN.2009.JQ028206,GATGATACAGTATTAGAAGATATAAATTTGCCAGGAAAATGGAAACCAAAAATGATAGGGGGAATTGGAGGTTTTATCAAAGTAAGGCAATATGATCAGATACCTATAGAAATTTGTGGAAAAAGGGCTATAGGTACAGTGTTAGTAGGACCTACACCTGTCAACATAATTGGACGAAATATGTTGACTCAGCTTGGTTGTACTTTAAATTTCCCAATTAGTCCTATTGACACTGTACCAGTAACATTAAAGCCAGGAATGGATGGACCAAAGGTTAAACAGTGGCCATTGACAGAAGAAAAAATAAAAGCATTAACAGAAATTTGTAAAGAGATGGAAGAGGAAGGAAAAATCTCAAAAATTGGGCCTGAAAATCCATATAATACTCCAGTATTTGCTATAAAGAAAAAGGACAGCACAAAATGGAGGAAATTAGTAGATTTCAGAGAGCTCAATAAAAGAACTCAGGACTTTTGGGAAGTTCAATTAGGAATACCACATCCAGCAGGATTAAAAAAGAAAAAATCAGTGACAGTACTAGATGTAGGAGATGCATATTTTTCAGTTCCTTTAGATGAAAACTTTAGAAAGTATACTGCATTCACCATACCTAGTATAAACAATGAGACACCAGGAATCAGATATCAGTACAATGTGCTACCACAGGGATGGAAAGGATCTCCGGCAATATTCCAGTGTAGCATGACAAAAATCTTAGAGCCCTATAGAAGAAAAAATCCAGAGATGATTATCTATCAATACATGGATGACTTATATGTAGGATCTGATTTAGAAATAGGGCAGCACAGAACAAAAATAGAGGAGCTAAGAGCTCATCTATTGAGCTGGGGATTTACTACACCAGACAAAAAGCATCAGAAGGAACCTCCATTTCTTTGGATGGGATATGAACTCCATCCGGACAGA,CN,2009,1,
5,01_AE.CN.2010.CYM105.JX112798,GATGATACAGTATTAGAAGAAATAAATTTGCCAGGAAAATGGAAACCAAAAATGATAGGGGGAATTGGAGGTTTTATCAAGGTAAGGCAATATGATCAGATACTTATAGAAATTTGTGGAAAAAAGGCTATAGGTACAGTGTTAGTAGGACCTACACCTGTCAACATAATTGGACGAAATATGTTGACTCAGATTGGTTGTACTTTAAATTTCCCAATTAGTCCTATTGACACTGTACCAGTAACATTAAAGCCAGGAATGGATGGACCAAAGGTTAAACAGTGGCCATTAACAAAAGAAAAAATAGAAGCATTAACAGAAATTTGTAAAGACATGGAAAAGGAAGGAAAAATCTCAAAAATTGGGCCTGAAAATCCATACAATACTCCAGTATTTGCTATAAGGAAAAAGGACAGCACCAAATGGAGAAAATTAGTAGATTTTAGAGAGCTCAATAAAAGAACTCAGGACTTTTGGGAAGTTCAATTAGGAATACCGCATCCAGCAGGTTTAAAGAAAAAGAAATCAGTAACAGTACTAGATGTGGGAGATGCATATTTTTCAGTTCCTTTAGATGAAAGCTTTAGAAAGTATACTGCATTTACCATACCTAGTACAAACAATGAGACACCAGGAATCAGATATCAGTACAATGTGCTGCCACAGGGATGGAAAGGATCACCGGCAATATTCCAGAGCAGTATGACAAAGATCTTAGAGCCCTTTAGAATAAAAAATCCAGAAATAGATATCTATCAATACATGGATGACTTGTATGTAGGCTCTGATTTAGAAATAGGGCAGCACAGAATAAAAATAGAGGAGCTGAGAGCTCATCTATTGAGCTGGGGACTTACTACCCCAGACAAAAAGCATCAGAAGGAACCTCCATTCCTTTGGATGGGATATGAACTCCATCCTGATAGA,CN,2010,1,
6,01_AE.TH.1990.CM240.U54771,GATGATACAGTATTAGAAGATATAAATTTGCCAGGAAAATGGAAACCAAAAATGATAGGGGGAATTGGAGGTTTTATCAAGGTAAAGCAATATGATCAGATACTTATAGAAATCTGTGGAAAAAAGGCTATAGGTACAGTATTAGTAGGACCTACACCTGTCAACATAATTGGACGAAATATGTTGACTCAGATTGGTTGTACTTTAAATTTCCCAATTAGTCCTATTGACACTGTACCAGTAACATTAAAGCCAGGAATGGATGGACCAAAGGTTAAACAGTGGCCATTGACAGAAGAAAAAATAAAAGCATTAACAGAAATTTGTAAAGAGATGGAAGAGGAAGGAAAAATCTCAAAAATTGGGCCTGAAAATCCATACAATACTCCAGTATTTGCTATAAAGAAAAAGGACAGCACCAAATGGAGGAAATTAGTAGATTTCAGAGAGCTCAATAAAAGAACTCAGGACTTTTGGGAAGTTCAATTAGGAATACCGCATCCAGCAGGTTTAAAAAAGAAAAAATCAGTAACAGTACTAGATGTGGGAGATGCATATTTTTCAGTTCCTTTAGATGAAAGCTTTAGAAAGTATACTGCATTCACCATACCTAGTATAAACAATGAGACACCAGGAATCAGATATCAGTACAATGTGCTGCCACAGGGATGGAAAGGATCACCGGCAATATTCCAGAGTAGCATGACAAAAATCTTAGAGCCCTTTAGAATAAAAAATCCAGAAATGGTTATCTATCAATACAAGGATGACTTGTATGTAGGATCTGATTTAGAAATAGGGCAGCACAGAACAAAAATAGAGGAGCTAAGAGCTCATCTATTGAGCTGGGGATTTACTACACCAGACAAAAAGCATCAGAAGGAACCTCCATTCCTTTGGATGGGATATGAACTCCATCCTGACAGA,TH,1990,1,
7,01_AE.TH.1993.93TH051.AB220944,GATGATACAGTATTAGAAGATATAAATTTGCCAGGAAAATGGAAACCAAAAATGATAGGGGGAATTGGAGGTTTTATCAAAGTAAGGCAATATGATCAGATACTTATAGAAATTTGTGGAAAGAAAGCTATAGGTACAGTGTTAGTAGGACCCACACCTATCAACATAATTGGACGAAATATGTTGACTCAGATTGGTTGTACTTTAAATTTCCCAATTAGTCCTATTGACACTATACCAGTAACATTAAAGCCAGGAATGGATGGACCAAAGGTTAAACAGTGGCCATTGACAGAAGAAAAAATAAAAGCATTAACAGAAATTTGTAAAGAGATGGAAGAGGAAGGAAAAATCTCAAAAATTGGGCCTGAAAATCCATACAATACTCCAGTATTTGCTATAAAGAAAAAGGACAGCACCAAATGGAGGAAATTAGTAGATTTCAGAGAGCTCAATAAAAGAACTCAGGACTTTTGGGAAGTTCAATTAGGAATACCGCATCCAGCCGGTTTAAAAAAGAAAAAATCAGTAACAGTACTAGATGTGGGAGATGCATATTTTTCAGTTCCTTTAGATGAAAGCTTTAGAAAGTATACTGCATTCACCATACCTAGTATAAACAATGAGACACCAGGAGTCAGATATCAGTACAATGTGCTGCCACAGGGATGGAAAGGATCACCAGCAATATTCCAGAGTAGCATGACAAAAATCTTAGAGCCCTTTAGAATAAAAAATCCAGAAATGGTTATCTATCAATACATGGATGACTTATATGTAGGATCTGATTTAGAAATAGGGCAACACAGAACAAAAATAGAGGAGCTAAGAGCTCATCTATTGAGCTGGGGGTTTACTACACCAGACAAAAAGCATCAGAAGGAACCTCCATTCCTTTGGATGGGATATGAACTCCATCCTGACAGA,TH,1993,1,
8,01_AE.TH.1993.93TH253.U51189,GATGATACAGTATTAGAAGATATAAATTTGCCAGGGAAATGGAAACCAAAAATGATAGGGGGAATTGGAGGTTTTATCAAGGTAAGGCAATATGATCAGATACTTATAGAAATTTGTGGAAAAAAGGCTATAGGTACAGTATTAGTAGGACCTACACCTGTCAACATAATTGGACGAAATATGTTGACTCAGATTGGTTGTACTCTAAATTTCCCAATTAGTCCTATTGACACTGTACCAGTAAAATTAAAGCCAGGAATGGATGGACCAAAGGTTAAACAGTGGCCATTGACAGAAGAAAAAATAAAAGCATTAACAGAAATTTGTAAAGAGATGGAAGAGGAAGGAAAAATCTCAAAAATTGGACCTGAAAATCCATACAATACTCCAGTATTTGCTATAAAGAAAAAGGACAGCACCAAATGGAGGAAATTAGTAGATTTCAGAGAACTCAATAAAAGAACTCAGGACTTTTGGGAAGTTCAATTAGGAATACCGCATCCAGCAGGTTTAAAAAAGAAAAAATCAGTAACAGTGCTAGATGTGGGAGATGCATATTTTTCAGTTCCTTTAGATGAAAGCTTTAGAAAGTATACTGCATTCACCATACCTAGTATAAACAATGAGACACCAGGAATCAGATATCAGTACAATGTGCTGCCACAGGGATGGAAAGGATCACCGGCAATATTCCAGAGTAGCATGACAAAAATCTTAGAGCCCTTTAGAATAAAAAATCCAGAAATGGTTATCTATCAATACATGGATGACTTGTATGTAGGATCTGATTTAGAAATAGGGCAGCACAGAACAAAAATAGAGGAGCTAAGAGCTCATCTATTGAGCTGGGGATTTACTACACCAGACAAAAAGCATCAGAAGGAACCTCCATTCCTTTGGATGGGATATGAACTCCATCCTGACAGA,TH,1993,1,
9,07_BC.CN.2002.EF122515,GATGATACAGTATTAGAAGACATGAATTTGCCAGGGAAATGGAAACCAAAAATGATAGGGGGAATTGGAGGTTTTATCAAAGTAAGACAGTATGAACAGATACCCATAGAAATCTGCGGACACAAAGCTATAGGTACAGTATTAGTAGGACCTACGCCTGTCAACATAATTGGAAGAAATCTGTTGACTCAGCTTGGTTGCACTTTAAATTTTCCAATCAGTCCCATTGAAACTGTACCAGTAAAATTAAAGCCAGGAATGGATGGCCCAAAGGTTAAACAATGGCCATTGACAGAAGAGAAAATAAAAGCATTAACAGCAATTTGTGATGAAATGGAGAAGGAAGGAAAAATTACAAAAATTGGGCCTGAAAATCCATATAACACTCCAATATTTGCCATAAAAAAGAAGGACAGTACTAAGTGGAGAAAATTAGTAGATTTCAGGGAACTCAATAAAAGAACTCAAGATTTTTGGGAAGTTCAATTAGGAATACCACACCCAGCAGGGTTAAAAAAGAAAAAATCAGTGACAGTACTGGATGTGGGGGATGCATATTTTTCAGTTCCTTTATATGAAGACTTCAGGAAATATACTGCATTCACCATACCTAGTATAAACAATGAAACACCAGGGATTAGGTATCAGTACAATGTACTTCCACAGGGATGGAAAGGATCACCAGCAATATTCCAAAGTAGCATGACAAAAATCTTAGAGCCTTTTAGAAAACAAAATCCAGATATAGTTATCTATCAATACATGGATGATTTGTATGTAGGATCTGACTTAGAGATAGGGCAGCATAGAACAAAAATAGAGGAACTGAGACAACATTTGTTGAGGTGGGGATTTACCACACCAGACAAGAAACATCAGAAAGAACCTCCATTTCTTTGGATGGGGTATGAACTCCATCCTGACAAA,CN,2002,1,
10,07_BC.CN.2007.JF906666,GATGATACAGTATTAGAAGACATGAATTTGCCAGGGAAATGGAAACCAAAAATGATAGGGGGAATTGGAGGTTTTATCAAAGTAAGACAGTATGAACAGATACCCATAGAAATCTGCGGACACAAAGCTATAGGTACAGTATTAGTRGGACCTACACCTGTCAACATAATTGGAAGAAATCTGTTGACTCAGCTTGGTTGCACTTTAAATTTTCCAATCAGTCCCATTGAAACTGTACCAGTAAAATTAAAGCCAGGAATGGATGGCCCAAAGGTTAAACAATGGCCATTGACAGAAGAGAAAATAAAAGCATTAACAGAAATTTGTAATGAAATGGAGAAGGAAGGRAAAATTACAAAAATTGGGCCTGAAAATCCATATAACACTCCAATATTTGCCATAAAAAAGAAGGACAGTACTAAGTGGAGAAAGTTAGTGGATTTCAGGGAACTCAATAAAAGAACTCAAGATTTTTGGGAAGTTCAATTAGGAATACCACACCCAGCAGGGTTAAAAAAGAAAAAATCAGTGACAGTACTGGATGTGGGGGATGCATATTTTTCAGTTCCTTTACATGAAGACTTCAGGAAATATACTGCATTCACCATACCTAGTATAAACAATGAAACTCCAGGGATTAGGTATCAGTACAATGTACTTCCACAGGGATGGAAAGGATCACCAGCAATATTCCAAAGTAGCATGACAAAAATCTTAGAGCCTTTTAGAAAACAAAATCCAGACATAGTTATCTATCAATACATGGATGATTTGTATGTAGGATCTGACTTAGAGATAGGGCAGCATAGAACAAAAATAGAGGAACTGAGACAACATTTGTTGAAGTGGGGRTTTACCACACCAGACAARAAACATCAAAAAGAACCTCCATTTCTTTGGATGGGGTATGAACTCCATCCTGACAAA,CN,2007,1,
11,07_BC.CN.2008.HQ215583,GATGATACAGTATTAGAAGACATGAATTTGCCAGGGAAATGGAAACCAAAAATGATAGGGGGAATTGGAGGTTTTATCAAAGTAAGACAGTATGAACAGATACCCATAGAAATCTGTGGACATAAAGCTATAGGTACAGTATTAATAGGACCTACACCTGTCAACATAATTGGAAGGAATCTGTTGACTCAGCTTGGTTGTACTTTAAATTTTCCAATCAGTCCTATTGAAACTGTACCAGTAAAACTAAAGCCAGGAATGGATGGCCCAAARGTTAAACAATGGCCATTGACAAAAGAGAAAATAGAAGCATTAACAGCAATTTGTGAWGAAATGGAAAAGGAAGGAAAAATTACAAAAATTGGGCCTGAAAATCCATACAACACTCCAATATTTGCCATAAAAAAGAAAGACAGTACTAAGTGGAGAAAATTAGTAGATTTCAGGGAACTCAATAAAAGAACTCAAGATTTTTGGGAAGTTCAATTAGGAATACCACACCCATCAGGATTAAAAAGGAAAAAATCAGTGACAGTGCTRGATGTGGGGGATGCATATTTTTCAGTTCCTTTATATGAAGACTTCAGGAAATATACTGCATTCACCATACCTAGTATAAACAATGAAACACCAGGGATTAGGTATCAGTACAATGTACTTCCACAGGGATGGAAAGGATCACCAGCAATATTTCAAAGYAGCATGACAAAAATCTTAGAGCCTTTTAGAAAACAAAATCCAGACATAGTCATCTATCAATACATGGATGATTTGTATGTAGGATCTGACTTAGAGATAGGGCAGCATAGAACAAAAATAGAGGAACTAAGACAACATTTGTTGAGGTGGGGATTTACCACACCAGACAAGAAACATCAGAAAGAACCTCCATTTCTTTGGATGGGGTATGAACTCCATCCTGACAAA,CN,2008,1,
12,07_BC.CN.2010.JQ901027,GATGATACAGTATTAGAAGACATGGATTTGCCAGGGAAATGGAAACCAAAAATGATAGGGGGAATTGGAGGTTTTATCAAAGTAAGACAGTATGAACAGATACCCATAGAAATCTGTGGACATAAAGCTATAGGTACAGTATTAGTAGGACCTACACCTGTCAACATAATTGGAAGAAATCTGTTGACTCAGCTTGGTTGTACTTTAAATTTTCCAATCAGTCCTATTGAAACTGTACCAGTAAAACTAAAGCCAGGAATGGATGGCCCAAAGGTTAAACAATGGCCATTGACAAAAGAAAAAATAGAAGCATTAACAGCAATTTGTGATGAAATGGAAAAGGAAGGAAAAATTACAAAAATTGGGCCTGAAAATCCATACAACACTCCAATATTTGCCATAAAAAAGAAAGACAGTACTAAGTGGAGAAAATTAGTAGATTTCAGRGAACTCAATAAAAGAACTCAAGATTTTTGGGAAGTTCAATTAGGAATACCACACCCAGCAGGATTAAAAAAGAAAAAATCAGTGACAGTGCTGGATGTGGGGGATGCATATTTTTCAGTTCCTTTAGATGAAAACTTCAGGAAATATACTGCATTCACCATACCTAGTATAAACAATGAAACACCAGGGATTAGGTATCAGTACAATGTACTTCCACAGGGATGGAAAGGATCACCAGCAATATTTCAAAGTAGCATGACAAAAATCTTAGAGCCTTTTAGAAAACAAAATCCAGACATAGTCATCTATCAATACATGGATGATTTGTATGTAGGATCTGACTTAGAGATAGGGCAGCATAGAACAAAAATAGAGGAACTGAGACAACATTTGTTGAGGTGGGGATTTACCACACCAGACAAGAAACATCAGAAAGAACCTCCATTTCTTTGGATGGGGTATGAACTCCATCCTGACAAA,CN,2010,1,
13,07_BC.CN.1997.97CN001C54.AF286226,GATGATACAGTATTAGAAGACCTGAATTTGCCAGGGAAATGGAAACCAAAAATGATAGGGGGAATTGGAGGTTTTATCAAAGTAAGACAGTATGAACAGATACCCATAGAAATTTGCGGACACAAAGCTATAGGTACAGTATTAGTAGGACCTACACCTGTCAACATAATTGGAAGAAATCTGTTGACTCAGCTTGGTTGCACTTTAAATTTTCCAATCAGTCCCATTGAAACTGTACCAGTAAAATTAAAGCCAGGAATGGATGGCCCAAAGGTTAAACAATGGCCATTGACAGAAGAGAAAATAAAAGCATTAACAGCAATTTGTGATGAAATGGAGAAAGAAGGAAAAATTACAAAAATTGGGCCTGAAAATCCATATAACACTCCAATATTTGCCATAAAAAAGAAGGACAGTACTAAGTGGAGAAAGTTAGTAGATTTCAGGGAACTCAATAAAAGAACTCAAGATTTTTGGGAAGTTCAATTAGGAATACCACACCCAGCAGGGTTAAAAAAGAAAAAATCAGTGACAGTACTGGATGTGGGGGATGCATATTTTTCAATTCCTTTATATGAAGACTTCAGGAAGTATACTGCATTCACCATACCTAGTAGAAACAATGAAACACCAGGGATTAGGTATCAGTACAATGTACTTCCACAGGGATGGAAAGGATCACCAGCAATATTCCAAAGTAGCATGACAAAAATCTTAGAGCCTTTTAGAAAACAAAATCCAGACATAGTTATCTATCAATACATGGATGATTTGTATGTAGGATCTGACTTAGAGATAGGGCAGCATAGAACAAAAATAGAGGAACTGAGACAACATTTGTTGAGGTGGGGATTTACCACACCAGACAAGAAACATCAGAAAGAACCTCCATTTCTTTGGATGGGGTATGAACTCCATCCTGACAAA,CN,1997,1,
14,07_BC.CN.2015.YN286.HG421616,GATGATACAGTATTAGAAGAAATGAATTTGCCAGGGAAATGGAAACCAAAAATGATAGGGGGAATTGGAGGTTTTATCAAAGTAAGACAGTATGAACAGATACCCATAGAAATCTGCGGACACAAAGCTATAGGTACAGTATTAGTAGGACCTACACCTGTCAACATAATTGGAAGAAATATATTAACTCAGCTTGGTTGCACTTTAAATTTTCCAATCAGTCCTATTGAAACTGTACCAGTAAAATTAAAGCCAGGAATGGATGGCCCAAGGGTTAAACAATGGCCATTGACAGAAGAGAAAATAAAAGCATTAACAGCAATTTGTGATGAAATGGAGAAGGAAGGAAAAATTACAAAAATTGGGCCTGAAAATCCATATAACACTCCAATATTTGCCATAAAAAAGAAGGACAGTACTAAGTGGAGAAAACTAGTAGATTTCAGGGAACTCAATAAAAGAACTCAAGATTTCTGGGAAGTTCAATTAGGAATACCACACCCAGCAGGGTTAAAAAAGAAAAAATCAGTGACAGTACTAGATGTGGGGGATGCATATTTTTCAGTTCCTTTACATGAAGACTTCAGGAAATACACTGCATTCACCATACCTAGTATAAACAATGAAACACCAGGAATTAGGTATCAATACAATGTACTTCCGCAGGGATGGAAAGGATCACCAGCAATATTCCAAAGTAGCATGACAAGAATCTTAGAGCCTTTTAGAAAACAAAATCCAGACATAGTTATCTATCAGTACATGGATGATTTGTATGTAGGATCTGACTTAGAGATAGGGCAGCATAGAATAAAAATAGAGGAACTGAGACAACATTTGTTGAGGTGGGGATTTACCACACCAGACAAGAAACATCAGAAAGAACCGCCATTTCTTTGGATGGGGTATGAACTCCATCCTGACAAA,CN,2015,1,
15,08_BC.CN.1997.97CNGX_9F.AY008717,GATGATACAGTATTAGAAGAAGTAAATTTGCCAGGAAAATGGAAACCAAAAATGATAGGAGGAATTGGAGGTTTTATCAAAGTAAGACAATATGAGCAAATACCTATAGAAATTTGTGGAAAAAAGGCTATAGGTACAGTATTAGTGGGACCCACACCTGTCAACATAATAGGAAGAAATATGTTGACCCAGCTTGGATGCACACTAAATTTTCCAATCAGTCCCATTGAAACTGTACCAGTAAAATTAAAGCCAGGAATGGATGGCCCAAAGGTTAAACAATGGCCATTGACAGAAGAAAAAATAAAAGCATTAACAGCAATTTGTGATGAAATGGAGAAGGAAGGAAAAATTACAAAAATTGGGCCTGACAATCCATATAACACTCCAATATTTGCCATAAGAAAGAAGGACAGTAGTAAGTGGAGAAAATTAGTAGATTTCAGGGAACTCAATAAAAGAACTCAAGATTTTTGGGAAGTTCAATTAGGAATACCACACCCAGCAGGGTTAAAAAAGAAAAAATCAGTAACAGTCCTGGATGTGGGTGATGCATATTTCTCAGTTCCTTTAGATAAAGACTTCAGGAAGTATACTGCATTTACCATACCTAGTGTAAACAATGAGACACCAGGGATTAGATATCAGTACAATGTGCTTCCACAGGGATGGAAAGGATCACCAGCAATATTCCAATGTAGCATGACAAAAATCTTAGAGCCTTTTAGAAAACAAAATCCAGACATAGTTATCTATCAATACATGGATGACTTGTATGTAGGATCTGACTTAGAAATAGGGCAGCATAGAACAAAAATAGAGGAACTGAGAGAACATCTGTTAAAGTGGGGATTTACCACACCAGACAAGAAACATCAGAAAGAACCTCCATTTCTTTGGATGGGGTATGAACTCCATCCTGACAAA,CN,1997,1,
16,08_BC.CN.1998.98CN006.AF286229,GATGATACAGTATTAGAAAAAGTAAATTTGCCAGGAAAATGGAAACCAAAAATGATAGGAGGAATTGGAGGTTTTATCAAAGTAAGACAATATGAGCAAATACCTATAGAAATTTGCGGAAAAAAGGCTATAGGTACAGTATTAGTGGGACCCACACCTGTCAACATAATTGGAAGAAATATGTTGACTCAGCTTGGATGCACACTAAATTTTCCAATCAGTCCCATTGAAACTGTGCCAGTAAAATTAAAGCCAGGAATGGATGGGCCAAAGGTTAAACAATGGCCATTGACAGAAGAGAAAATAAAAGCATTAACAGCAATTTGTGATGAAATGGAGAAGGAAGGAAAAATTACAAAAATCGGGCCTGACAATCCATATAACACTCCAATATTTGCCATAAAAAAGAAGGACAGTACTAAGTGGAGAAAATTAGTAGATTTCAGGGAACTCAATAAAAGAACTCAAGATTTTTGGGAAGTTCAATTAGGAATACCACACCCAGCAGGGTTAAAAAAGAAAAAATCAGTAACAGTCCTGGATGTGGGCGATGCATATTTCTCAGTTCCTTTAGATAAAGACTTCAGGAAGTATACTGCATTTACCATACCTAGTGTAAACAATGAGACACCAGGGATTAGATATCAGTACAATGTGCTTCCACAGGGATGGAAAGGATCACCAGCAATATTCCAATGTAGCATGACAAAAATCTTAGAGCCCTTTAGAAAACAAAATCCAGACATAGTTATCTATCAATACGTGGATGACTTGTATGTAGGATCTGACTTAGAAATAGGGCAGCATAGAACAAAAATAGAAGAACTGAGAGAACATCTGTTAAAGTGGGGATTTACCACACCAGACAAGAAACATCAGAAAGAACCTCCATTTCTTTGGATGGGGTATGAACTACATCCTGACAAA,CN,1998,1,
17,08_BC.CN.1997.97CNGX6F.AY008715,GATGATACAGTATTAGAAGAAGTAAATTTGCCAGGAAAATGGAAACCAAAAATGATAGGAGGAATTGGAGGTTTTATCAAAGTAAGACAATATGAGCAAATACCTATAGAAATTTGTGGAAAAAAGGCTATAGGTACAGTATTAGTGGGACCCACACCTGTCAACATAATAGGAAGAAATATGTTGACCCAGCTTGGATGCACACTAAATTTTCCAATCAGTCCCATTGAAACTGTACCAGTAAAATTAAAGCCAGGAATGGATGGCCCAAAGGTTAAACAATGGCCATTGACAGAAGAAAAAATAAAAGCATTAACAGCAATTTGTGATGAAATGGAGAAGGAAGGAAAAATTACAAAAATTGGGCCTGACAATCCATATAACACTCCAATATTTGCCATAAGAAAGAAGGACAGTAGTAAGTGGAGAAAATTAGTAGATTTCAGGGAACTCAATAAAAGAACTCAAGATTTTTGGGAAGTTCAATTAGGAATACCACACCCAGCAGGGTTAAAAAAGAAAAAATCAGTAACAGTCCTGGATGTGGGTGATGCATATTTCTCAGTTCCTTTAGATAAAGACTTCAGGAAGTATACTGCATTTACCATACCTAGTGTAAACAATGAGACACCAGGGATTAGATATCAGTACAATGTGCTTCCACAGGGATGGAAAGGATCACCAGCAATATTCCAATGTAGCATGACAAAAATCTTAGAGCCTTTTAGAAAACAAAATCCAGACATAGTTATCTATCAATACATGGATGACTTGTATGTAGGATCTGACTTAGAAATAGGGAAGCATAGAACAAAAATAGAGGAACTGAGAGAACATCTGTTAAAGTGGGGATTTACCACACCAGACAAGAAACATCAGAAAGAACCTCCATTTCTTTGGATGGGGTATGAACTCCATCCTGACAAA,CN,1997,1,
18,08_BC.CN.2015.YU298.HG421625,GATGATACAGTATTAGAAGAAGTAAATTTGCCAGGAAAATGGAAACCAAGAATGATAGGAGGAATTGGGGGTTTTATCAAAGTAAGACAATATGAGCAAATACCCATAGAAATTTGTGGAAAAAAGGCTATAGGTACAGTATTAGTGGGACCCACACCTGTCAACATAATTGGAAGAAATATGTTGACCCAGCTTGGATGCACACTAAATTTTCCAATCAGTCCCATTGAAACTGTACCAGTAAAATTAAAGCCAGGAATGGATGGCCCAAAGGTTAAACAATGGCCACTGACAGAAGAGAAAATAAAAGCATTAACAGCAATTTGTGATGAAATGGAGAAGGAAGGAAAAATTACAAAAATTGGGCCCGACAATCCATATAACACCCCAATATTTGCCATAAAAAAGAAAGACAGTACTAAGTGGAGAAAATTAGTAGATTTCAGGGAACTCAATAAAAGAACTCAAGATTTTTGGGAAGTTCAATTAGGAATACCACACCCAGCAGGGTTGAAAAAGAAAAAATCAGTAACAGTCTTGGATGTGGGTGATGCATATTTCTCAGTTCCTTTAGATAAAGACTTCAGGAAGTATACTGCATTTACCATACCTAGTACAAACAATGCAACACCCGGGATTAGATATCAGTACAATGTGCTTCCACAGGGATGGAAAGGATCACCAGCAATATTCCAATGTAGTATGACAAAAATCTTAGAGCCCTTTAGAAAACAAAATCCAGACATAGTTATCTATCAATACATGGATGACTTGTATGTAGGATCTGACTTAGAAATAGGGCAGCATAGAACAAAAATAGAGGAGCTGAGAGAACATCTGTTAAAGTGGGGATTTACCACACCAGACAAGAAACATCAGAAAGAACCTCCATTTCTTTGGATGGGGTATGAACTCCATCCTGACAAA,CN,2015,1,
19,55_01B.CN.2012.KF857447,GATGATACAGTATTAGAAGATATAAATTTGCCAGGAAAATGGAAGCCAAAAATGATAGGGGGAATTGGAGGTTTTATCAAGGTCAGGCAATATGATCAGATACTTATAGAAATTTGTGGAAAAAAGGCTATAGGTACAGTGTTAGTAGGACCTACCCCTGTCAACATAATTGGGCGAAATATGTTGACTCAGATTGGTTGTACTTTAAATTTCCCAATTAGTCCTATTGACACGGTACCAGTAAAATTAAAGCCAGGAATGGATGGGCCAAAGGTTAAACAATGGCCATTGACAGAAGAAAAAATAAAAGCATTAACAGAAATTTGTAAAGAAATGGAAGAGGAGGGAAAAATCTCAAAAATTGGGCCTGAAAATCCATACAATACTCCAGTATTTGCTATAAAGAAAAAAGACAGCACCAAATGGAGGAAATTAGTAGACTTCAGAGAACTCAATAAAAGAACTCAGGACTTTTGGGAAGTTCAGTTAGGAATACCGCATCCAGCAGGTTTAAAAAAGAAAAAATCAGTAACAGTACTAGATGTAGGAGATGCATACTTCTCAGTTCCTTTAGATGAAAGCTTTAGAAAGTATACTGCATTCACCATACCTAGTAGAAACAATGAGACACCAGGAATTAGATATCAGTACAATGTGCTTCCACAGGGATGGAAAGGATCACCAGCAATATTCCAAAGTAGCATGACAAAAATCTTAGAGCCTTTTAGAAAACAAAATCCAGACATAGAGATCTATCAATACATGGATGATTTGTATGTAGGATCTGACTTAGAAATAGGGCAGCATAGAACAAAAGTAGAGGAGCTGAGACAACATTTGTTGAAGTGGGGGCTTACCACACCAGACAAGAAACATCAGAAAGAACCCCCATTCCTTTGGATGGGCTATGAACTCCATCCTGATAAA,CN,2012,1,
20,55_01B.CN.2013.HNCS102056.JX574661,GATGATACAGTATTAGAAGATATAAATTTGCCAGGAAAATGGAAGCCAAAAATGATAGGGGGAATTGGAGGTTTTATCAAGGTCAGGCAATATGATCAGATACTTATAGAAATTTGTGGAAAAAGGGCTATAGGTACAGTGTTAGTAGGACCTACACCTGTCAACATAATTGGACGAAATATGTTGACTCAGATTGGTTGTACTTTAAATTTCCCAATTAGTCCTATTGACACTGTACCAGTAAAATTAAAGCCAGGAATGGATGGGCCAAAGGTTAAACAATGGCCATTGACAGAAGAAAAAATAAAAGCATTAACAGAAATCTGTAAAGAAATGGAAGAGGAAGGAAAAATCTCAAAAATTGGGCCTGAAAACCCATACAATACTCCAGTATTTGCTATAAAGAAAAAAGACAGCACCAAATGGAGGAAATTAGTAGACTTCAGAGAGCTCAATAAAAGAACTCAGGACTTTTGGGAAGTTCAGTTAGGAATACCGCATCCAGCAGGTTTAAAAAGGAAAAAATCAGTAACAGTACTAGATGTAGGAGATGCATATTTTTCAGTTCCTTTAGATGAAAGTTTTAGAAAGTATACTGCATTCACTATACCTAGTAGAAACAATGAGACACCAGGAATTAGATATCAGTACAATGTGCTTCCACAGGGATGGAAAGGATCACCAGCAATATTCCAAAGTAGCATGACAAAAATCTTAGAGCCTTTTAGAAAACAAAATCCAGACATAGAGATCTATCAATACATGGATGATTTGTATGTAGGATCTGACCTAGAAATAGGGCAGCATAGAACAAAAATAGAGGAGCTGAGACAGCATTTGTTGAAGTGGGGACTTACCACACCAGACAAGAAACATCAGAAAGAACCCCCATTCCTTTGGATGGGTTATGAACTCCATCCTGATAAA,CN,2013,1,
21,55_01B.CN.2013.JX574662,GATGATACAGTATTAGAAGATATAAATTTGCCAGGAAAATGGAAGCCAAAAATGATAGGGGGAATTGGAGGCTTTATCAAGGTCAGGCAATATGATCAGATACTTATAGAAATTTGTGGAAAAAAGGCTATAGGTACAGTGTTAGTAGGACCTACACCTGTCAACATAATTGGACGAAATATGTTGACTCAGATTGGTTGTACTTTAAATTTCCCAATTAGTCCTATTGACACTGTACCAGTAAAATTAAAGCCAGGAATGGATGGGCCAAAGGTTAAACAATGGCCATTGACAGAAGAAAAAATAAAAGCATTAACAGAAATTTGTAGAGAAATGGAAGAGGAAGGAAAAATCTCAAAAATTGGGCCTGAAAATCCATACAATACTCCAGTATTTGCTATAAAGAAAAAGGACAGCACCAAATGGAGAAAATTAGTAGATTTCAGAGAACTTAATAAAAGAACTCAGGACTTTTGGGAAGTTCAGTTAGGAATACCGCATCCAGCAGGTTTAAAAAAGAAAAAATCAGTAACAGTACTAGATGTAGGAGATGCATATTTTTCAGTTCCTTTAGATGAAAGCTTTAGAAAGTATACTGCATTCACCATACCTAGTAGAAACAATGAGACACCAGGAATTAGATATCAGTACAATGTGCTTCCACAGGGATGGAAGGGATCACCAGCAATATTCCAAAGTAGCATGACAAAAATCTTAGAGCCTTTTAGAAAACAAAATCCAGACATAGAAATCTATCAATACATGGATGATTTGTATGTAGGATCTGATTTAGAAATAGGGCAGCATAGAACAAAAATAGAGGAGCTGAGACAACATTTGTTGAAGTGGGGACTTACCACACCAGACAAAAAACATCAGAAAGAACCCCCATTCCTTTGGATGGGTTATGAACTCCATCCTGATAAA,CN,2013,1,
22,55_01B.CN.2013.JX574663,GATGATACAGTATTAGAAGATATAAATTTGCCAGGAAAATGGAAGCCAAAAATGATAGGGGGAATTGGAGGCTTTATCAAGGTCAAGCAATATGATCAGATACTTATAGAAATTTGTGGAAAAAGGGCTATAGGTACAGTGTTAGTAGGACCTACACCTGTCAACATAATTGGACGAAATATGTTGACTCAGATTGGCTGTACTTTAAATTTCCCAATTAGTCCTATTGACACTGTACCAGTGAAATTAAAGCCAGGAATGGATGGGCCAAAGGTTAAACAATGGCCATTGACAGAAGAAAAAATAAAAGCATTAACAGAAATTTGTAAAGAAATGGAAGAGGAAGGAAAAATCTCAAAAATTGGGCCTGAAAATCCATACAATACTCCAATATTTGCTATAAAGAAAAAAGACAGCACCAAATGGAGAAAATTAGTAGATTTCAGAGAACTTAATAAAAGAACTCAGGACTTTTGGGAAGTTCAGTTAGGAATACCGCATCCAGCAGGTTTAAAAAAGAAAAGATCAGTAACAGTACTAGATGTAGGAGATGCATATTTTTCAGTTCCTTTAGATGAAAGCTTTAGAAAGTATACTGCATTCACCATACCTAGTAGAAACAATGAGACACCAGGAATTAGATATCAGTACAATGTRCTTCCACAAGGATGGAAGGGATCACCAGCAATATTCCAAAGTAGCATGACAAGAATCTTAGAGCCTTTTAGAAAACAAAATCCAGACATAGAAATCTATCAATACATGGATGATTTGTATGTAGGATCTGACTTAGAAATAGGGCAGCATAGAACAAAAATAGAGGAACTGAGACAACATTTGTTGAAGTGGGGACTTACCACACCAGATAAAAAACATCAGAAAGAACCCCCATTCCTTTGGATGGGTTATGAACTCCATCCTGATAAA,CN,2013,1,
23,59_01B.CN.2009.09LNA423.JX960635,GATGATACAGTATTAGAAGATATAAATTTGCCAGGAAAATGGAAACCAAGAATGATAGGGGGAATTGGAGGCTTTATCAAAGTAAGGCAATATGATCAGATATGTATAGAAATTTGTGGGAAAAAGGCTATAGGTACAGTATTAGTAGGACCTACACCTGTCAACATAATTGGACGAAATATGTTGACTCAGATTGGTTGTACTTTAAACTTTCCCATTAGTCCTATTGAAACTGTACCAGTAAAATTAAAGCCAGGGATGGATGGCCCAAAAGTTAAACAATGGCCATTGACAGAAGAAAAAATAAAAGCATTAGTAGAAATTTGTACAGAAATGGAAAAGGAAGGGAAAATCTCAAAAATTGGGCCTGAAAATCCATACAATACTCCAGTATTTGCTATAAAGAAAAAGGACAGCACCAAATGGAGAAAATTAGTAGATTTCAGAGAACTCAATAAAAGAACGCAAGACTTTTGGGAAGTTCAATTAGGGATACCACACCCAGCAGGTTTAAAAAAGAAAAAATCAGTGACAGTACTAGATGTGGGGGATGCATATTTTTCAGTTCCTTTAGATGAAAGCTTTAGAAAGTATACTGCATTCACCATACCTAGTAGAAACAATGAGACACCAGGAATCAGATATCAGTACAATGTGCTGCCACAGGGATGGAAAGGATCACCAGCAATATTTCAGAGTAGCATGACAAAAATCTTAGAGCCCTTTAGGATAAAAAATCCAGAAATAATCATCTATCAATACATGGATGACTTGTATGTAGGATCCGATTTAGAAATAGGGCAGCACAGAATAAAAGTAGAAGAGCTAAGAGCTCATCTATTGAGCTGGGGATTTACTACACCAGACAAAAAGCATCAGAAGGAACCTCCATTCCTTTGGATGGGATATGAACTCCATCCTGACAAA,CN,2009,1,
24,59_01B.CN.2010.10LNSY300533.KC462191,GATGATACAGTATTAGAAGATATAAGTTTGCCAGGAAAATGGAAACCAAGAATGATAGGGGGAATTGGAGGCTTTATCAAAGTAAGGCAATATGATCAGATATGTATAGAAATTTGTGGAAAAAAGGCTATAGGTACAGTATTAGTAGGACCTACACCTGTCAACATAATTGGACGAAATATGTTGACTCAGATTGGTTGTACTTTAAACTTTCCCATTAGTCCTATTGAAACTGTACCGGTAAAATTAAAGCCAGGAATGGATGGCCCAAAAGTTAAGCAATGGCCATTGACAGAAGAAAAAATAAAAGCATTAGTAGAAATTTGTACAGAAATGGAAAAGGAAGGGAAAATCTCAAAAATTGGGCCTGAAAATCCATACAATACTCCAGTATTTGCTATAAAGAAAAAGGACAGCACCAAATGGAGAAAATTAGTAGATTTCAGAGAACTCAATAAAAGAACTCAAGACTTTTGGGAAGTTCAATTAGGAATACCACACCCAGCAGGTTTAAAAAAGAAAAAATCAGTGACAGTACTAGATGTAGGGGATGCATATTTTTCAGTTCCTTTAGATGAAAGCTTTAGAAAGTATACTGCATTCACCATACCTAGTAGAAATAATGAGACACCAGGAATCAGATATCAGTACAATGTGCTGCCACAGGGATGGAAAGGATCACCAGCAATATTTCAGAGTAGCATGACAAAAATCTTAGAGCCCTTTAGGATAAAAAATCCAGAAATAATCATCTATCAATACATGGATGACTTGTATGTGGGATCCGATTTAGAAATAGGGCAGCACAGAATAAAAGTGGAGGAGCTGAGAGCTCATCTATTGAGCTGGGGATTTACTACACCAGACAAAAAGCATCAGAAGGAACCTCCATTCCTTTGGATGGGATATGAACTCCATCCTGACAAA,CN,2010,1,
25,59_01B.CN.2011.11LNSY300392.KC462190,GATGATACAGTATTAGAAGATATAAATTTGCCAGGAAAATGGAAACCAAGAATGATAGGGGGAATTGGAGGCTTTATCAAAGTAAGGCAATATGATCAGATATGTATAGAAATTTGTGGGAAAAAGGCTATAGGTACAGTATTAGTAGGACCTACACCTGTCAACATAATTGGACGAAATATGTTGACTCAGATTGGTTGTACTTTAAACTTTCCCATTAGTCCTATTGAAACTGTACCAGTAAAATTAAAGCCAGGGATGGATGGCCCAAAAGTTAAACAATGGCCATTGACAGAAGAAAAAATAAAAGCATTAGTAGAAATTTGTACAGAAATGGAAAAGGAAGGRAAAATCTCAAAAATTGGGCCTGAAAATCCATACAATACTCCAGTATTTGCTATAAAGAAAAAGGACAGCACCAAATGGAGAAAATTAGTAGATTTCAGAGAACTCAATAAAAGAACGCAAGACTTTTGGGAAGTTCAATTAGGAATACCACACCCAGCAGGTTTAAAAAAGAAAAAATCAGTGACAGTACTAGATGTGGGGGATGCATATTTTTCAGTTCCTTTAGATGARAGCTTTAGAAAGTATACTGCATTCACCATACCTAGTAGAAACAATGAGACACCAGGAATCAGATATCAGTACAATGTGCTGCCACAGGGATGGAAAGGATCACCAGCAATATTTCAGAGTAGCATGACAAAAATCTTAGAGCCCTTTAGGATAAAAAATCCAGAAATAATCATCTATCAATACATGGATGACTTGTATGTAGGATCCGATTTAGAAATAGGGCAGCACAGAATAAAAGTAGAAGAGCTRAGAGCTCATCTATTGAGCTGGGGATTTACTACACCAGACAAAAAGCATCAGAAGGAACCTCCATTCCTTTGGATGGGATATGAACTCCATCCTGACAAA,CN,2011,1,
26,62_BC.CN.2014.YNFL13.KC870034,GATGATACAGTGTTAGAAGAAATAAATTTGCCAGGAAAATGGAAACCAAAAATGATAGGAGGAATTGGAGGTTTTATTAAAGTAAGACAATATGATCAAATACCTATTGAAATTTGTGGAAAAAGGGCTATAGGTACAGTATTAGTAGGTCCCACACCTGTCAACATAATTGGGAGAAATATGTTGACCCAGCTTGGGTGCACACTAAATTTTCCAATCAGTCCCATTGAAACTGTACCAGTAAAGTTAAAGCCAGGAATGGATGGCCCAAAGGTTAAACAATGGCCCTTGACAGAAGAAAAGATAAAAGCCTTAATAGAAATTTGTACAGAAATGGAAAAGGAAGGAAAAATTTCAAAAATTGGGCCTGAAAATCCTTACAATACTCCAGTATTTGCCATAAAGAAAAAGGACAGTACTAAATGGAGAAAATTAGTAGATTTCAGGGAACTTAATAAAAGAACTCAAGACTTCTGGGAAGTTCAATTAGGAATACCACATCCTGCAGGGTTAAAAAAGAAAAAATCTGTGACAGTGCTGGATGTGGGGGATGCATATTTCTCAGTTCCTTTAGATAAAGATTTCAGGAAGTATACTGCATTTACCATACCTAGTCTAAACAATGAGACACCAGGGATTAGATATCAGTACAATGTGCTTCCACAGGGATGGAAAGGATCACCAGCAATATTCCAATGTAGTATGACAAAAATCTTAGAGCCTTTTAGAAAACAAAATCCAGACATAGTTATCTATCAATATATGGATGATTTGTATGTAGGATCTGACTTAGAAATAGCGCAGCATAGAGCAAAAATAGAGGAACTGAGACAACATCTGTTGAAGTGGGGATTTACCACACCAGACAAAAAACATCAGAAACAACCTCCATTTCTTTGGATGGGGTATGAACTCCATCCTGACAAA,CN,2014,1,
27,62_BC.CN.2014.YNFL15.KC870035,GATGATACAGTGTTAGAAGAAATAAATTTGCCAGGAAAATGGAAACCAAAAATGATAGGAGGAATTGGAGGTTTTATCAAAGTAAGACAATATGATCAAATACCTATAGAAATTTGTGGAAAAAGGGCTATAGGTACAGTATTAGTAGGACCCACACCTGTCAACATAATTGGGAGAAATATGTTGACTCAGCTTGGGTGCACACTAAATTTTCCAATCAGTCCCATTGAAACTGTACCAGTAAAGTTAAAACCAGGAATGGACGGCCCGAAGGTTAAACAATGGCCATTGACAGAAGAAAAAATAAAAGCCTTAATAGAAATTTGTACAGAAATGGAAAAGGAAGGGAAAATTTCAAAAATCGGGCCTGAAAATCCATACAATACTCCAGTATTTGCCATAAAGAAAAAGGACAGTACTAAATGGAGAAAATTAGTAGATTTCAGGGAACTTAATAAAAGAACCCAAGACTTCTGGGAAGTTCAATTAGGAATACCACATCCTGCAGGGTTAAAAAAGAAAAAATCTGTGACAGTTCTGGATGTGGGGGATGCATATTTCTCAGTTCCTTTAGATAAAGATTTCAGGAAGTATACTGCATTTACCATACCTAGTCTAAACAATGAGACACCAGGGATTAGATATCAGTACAATGTGCTTCCACAGGGATGGAAAGGATCACCAGCAATATTCCAATGTAGCATGACAAAAATCTTAGAGCCTTTTAGAAAACAAAATCCAGACATAGTTATCTATCAATACATGGATGATTTGTATGTAGGATCTGACTTAGAAATAGCGCAGCATAGAGCAAAAATAGAGGAACTGAGACAACATTTGTTGAAGTGGGGATTTACCACACCAGACAAAAAACATCAGAAAGAACCTCCATTTCTTTGGATGGGGTATGAACTCCATCCTGACAAA,CN,2014,1,
28,62_BC.CN.2014.YNFL18.KC870037,GATGATACAGTGTTAGAAGAAATAAATTTGCCAGGAAAATGGAAACCAAAAATGATAGGAGGAATTGGAGGTTTTATCAAAGTAAGACAATATGATCAAATACCTATAGAAATTTGTGGAAAAAGGGCTATAGGTACAGTATTAGTAGGACCCACACCTGTCAACATAATTGGGAGAAATATGTTGACTCAGCTTGGGTGCACACTAAATTTTCCAATCAGTCCCATTGAAACTGTACCAGTAAAGTTAAAGCCAGGAATGGACGGCCCAAAGGTTAAACAATGGCCATTGACAGAAGAAAAGATAAAAGCCTTAATAGAAATTTGTACAGAAATGGAAAAGGAAGGGAAAATTTCAAAAATCGGGCCTGAAAATCCTTACAATACTCCAGTATTTGCTATAAAGAAAAAGGACAGTACTAAATGGAGAAAATTAGTAGATTTCAGGGAACTTAATAAAAGAACTCAAGACTTCTGGGAAGTTCAATTAGGAATACCACATCCTGCAGGGTTAAAAAAGAAAAAATCTGTGACAGTCCTGGATGTGGGGGATGCATATTTCTCAGTTCCTTTAGATAAAGATTTCAGGAAGTATACTGCATTTACCATACCTAGTCTAAACAATGAGACACCAGGGATTAGATATCAGTACAATGTGCTTCCACAGGGATGGAAAGGATCACCAGCAATATTCCAATGTAGCATGACAAAAATCCTAGAGCCTTTTAGAAAACGAAACCCAGACATAGTTATCTATCAATACATGGATGATTTGTATGTAGGATCTGACTTAGAAATAGCGCAGCATAGAGCAAAAATAGAGGAACTGAGACAACATCTGTTGCAGTGGGGGTTTACCACACCAGACAAAAAACATCAGAAAGAACCTCCATTTCTTTGGATGGGGTATGAACTCCATCCTGACAAA,CN,2014,1,
29,67_01B.CN.2013.KC183780,GATGATACAGTATTAGAAGATATAAATTTGCCAGGAAAATGGAAACCAAAAATGATAGGGGGAATTGGAGGTTTTATCAAGGTAAGGCAATATGATCAGGTACTTATAGAAATTTGTGGAAAAAAGGCTATAGGTACAGTATTAGTAGGACCTACACCTGTCAACATAATTGGACGAAATATGTTGACTCAGATTGGTTGTACTTTAAATTTCCCCATTAGTCCTATTGACACTGTACCAGTAAAATTAAAGCCAGGAATGGATGGACCAAAGGTTAAACAGTGGCCATTGACAGAAGAAAAAATAAAAGCATTAGTAGAAATTTGTACAGAAATGGAAAAGGAAGGAAAAATTTCAAAAATTGGGCCTGAAAATCCATACAATACTCCAGTATTTGCTATAAAGAAAAAGGACAGCACCAAATGGAGGAAATTAGTAGATTTCAGAGAGCTCAATAAAAGAACTCAGGACTTTTGGGAAGTTCAATTAGGAATACCACATCCAGCAGGATTAAAAAAGAAAAAATCAGTGACAGTACTAGATGTGGGGGATGCATATTTTTCAGTTCCTTTAGATGAAAGCTTTAGAAAGTATACTGCATTTACCATACCTAGTATAAACAATGAGACACCAGGAATCAGATATCAGTATAATGTGCTTCCACAGGGATGGAAAGGATCACCAGCAATATTCCAAAGTAGCATGACAAGAATCTTAGAGCCTTTTAGAAAACAAAATCCAGACATAGTGATCTATCAATACATGGATGATTTGTATGTAGGGTCTGACTTAGAAATAGGGCAACATAGGATAAAAATAGAGGAACTGAGGCAACATCTGTTGAAGTGGGGATTAACCACACCAGACAAAAAACATCAGAAGGAACCTCCATTTCTTTGGATGGGATATGAACTCCATCCAGACAGA,CN,2013,1,
30,67_01B.CN.2013.MH010694,GATGATACAGTATTAGAAGATATAAATTTACCAGGAAAATGGAAACCAAAAATGATAGGGGGAATTGGAGGTTTTATCAAGGTAAGGCAATATGATCAGATACTTATAGAAATTTGTGGAAAAAAGGCTATAGGTACAGTATTAGTAGGACCTACACCAGTCAACATAATTGGACGAAATATGTTGACTCAAATTGGTTGTACTTTAAATTTCCCCATTAGTCCTATTGACACGGTACCAGTAAAATTAAAGCCAGGAATGGATGGACCAAAGGTTAGACAGTGGCCACTGACAGAAGAAAAAATAAAAGCATTAACAGAAATTTGTACAGAAATGGAAAAGGAAGGAAAAATTTCAAAAATTGGGCCTGAAAATCCATACAACACTCCAGTATTTGCTATAAAGAAAAAGGACAGCACCAAATGGAGGAAATTAGTAGATTTCAGAGAGCTTAATAAAAGAACTCAGGACTTTTGGGAAGTTCAATTAGGAATACCGCATCCAGCAGGATTAAAAAAGAAAAAATCAGTGACAGTACTAGATGTGGGGGATGCATATTTTTCAGTTCCTTTAGATGAAAGCTTTAGAAAGTATACTGCATTTACCATACCTAGTACAAACAATGAAACACCAGGGATCAGATATCAGTACAATGTGCTACCACAGGGATGGAAAGGATCACCAGCAATATTCCAAAGTAGCATGACAAAAATCTTAGAGCTTTTTAGAAAACAAAATCCAGACATAGTGATCTATCAATACATGGATGATTTGTATGTAGGGTCTGACTTAGAAATAGGGCAACATAGGATAAAAATAGAGGAACTGAGGCAACATCTGTTGAAGTGGGGATTAACCACACCAGACAAAAAACATCAGAAGGAACCTCCATTTCTTTGGATGGGATATGAACTCCATCCAGACAAG,CN,2013,1,
31,68_01B.CN.2011.ANHUIXC46.KC183783,GATGATACAGTATTAGAAGATATAGATTTGCCAGGAAAATGGAAACCAAAAATGATAGGGGGAATTGGAGGTTTTATCAAGGTAAGGCAATATGATCAGATACTTATAGAAATTTGTGGAAAAAAGGCTATAGGTACAGTATTAGTAGGACCTACACCTGTCAACATAATTGGACGAAATATGTTGACTCAGATTGGTTGTACTTTAAATTTTCCCATTAGTCCTATTGACACTGTACCAGTAAAATTAAAGCCAGGAATGGATGGACCAAAGGTTAAACAGTGGCCATTGACAGAAGAAAAAATAAAAGCATTAACAGAAATTTGTAAAGAGATGGAAAAGGAAGGAAAAATCTCAAAGATTGGGCCTGAAAATCCATATAATACTCCAGTATTTGCTATAAAGAAAAAGGACAGCACCAAATGGAGAAAATTAGTAGATTTCAGAGAACTCAATAAGAGAACTCAAGACTTCTGGGAGGTGCAATTAGGAATACCACATCCCGCAGGGTTAAAAAAGAAGAAATCAGTAACAGTACTAGATGTGGGTGATGCATATTTCTCAATTCCTTTAGATGAAAACTTCAGAAAGTATACTGCATTTACCATACCTAGTATAAACAATGAAACGCCAGGGATTAGATATCAGTATAATGTGCTTCCACAGGGATGGAAAGGATCACCAGCAATATTCCAAAGTAGCATGATAAAAATCTTAGAGCCTTTTAGAAAACAAAATCCAGACATAGTGATCTATCAATATATGGATGATTTGTATGTAGGGTCTGACTTAGAAATAGGGCAACATAGGATAAAAATAGAGGAACTGAGGCAACATCTGTTGAAGTGGGGATTAACCACACCAGACAAAAAACATCAGAAGGAACCTCCATTTCTTTGGATGGGATATGAACTCCATCCAGACAGA,CN,2011,1,
32,69_01B.JP.2016.AB845349,GATGATACAGTATTAGAAGAAATGAGTTTACCAGGAAAATGGAAACCAAAAATGATAGGGGGAATTGGAGGTTTTCTCAAAGTAAGACAGTATGATCAGGTACCCATAGAAATCTGTGGAAATAAAGCTATAGGTACAGTATTAATAGGACCTACACCTGTCAACATAATTGGAAGAAATTTGTTGACTCAGATTGGCTGCACTTTAAATTTCCCCATTAGTCCTATTGAAACTGTACCAGTAAAATTAAAGCCAGGTATGGATGGCCCAAGGGTTAAACAATGGCCATTGACAGAAGAAAAAATAAAAGCTTTAATAGAAATTTGCACAGAAATGGAAAAGGAAGGAAAAATTTCAAAAATTGGGCCTGAAAATCCATACAACACTCCAGTATTTGCCATAAAGAAAAAGGATAGTACTAAATGGAGAAAATTAGTAGGTTTCAGAGAACTTAATAAGAGAACTCAAGATTTCTGGGAAGTTCAATTAGGAATACCGCATCCAGCAGGGTTAAAAAAGAAAAAATCAATAACAGTACCAGATGTAGGTGATGCATATTTTTCAGTTCCCTTAGATAAAGACTTCAGGAAGTATACTGCATTTACCATACCTAGTACAAACAATGAGACGCCAGGGATTAGATATCAGTACAATGTGCTTCCACAGGGATGGAAAGGATCACCAGCAATATTCCAAAGTAGCATGACAAAGATCTTAGAACCTTTTAGAAAACAAAATCCAGACATAGTTATATATCAATACATGGATGATTTGTATGTAGGATCTGACTTAGAAATAGGGCAACATAGAACAAAAATAGAGGAACTGAGACAACATCTGTTGAGGTGGGGATTTACCACACCAGACAAAAAACATCAGAAAGGACCTCCATTTCTTTGGATGGGTTATGAACTCCATCCTGATAAA,JP,2016,1,
33,69_01B.JP.2016.AB845344,GATGATACAGTATTAGAAGAAATGAGTTTGCCAGGAAARTGGAAACCAAAAATGATAGGGGGAATTGGAGGTTTTATCAAAGTAAGACAGTATGATCAGATACCCATAGAAATCTGTGGAAATAAARCTATAGGTACAGTATTAATAGGACCTACACCTGTCAACATAATTGGAAGAAATTTGTTGACTCAGCTTGGMTGCACTTTAAATTTTCCCATTAGTCCTATTGAAACTGTACCAGTAAAATTAAAGCCAGGTATGGATGGCCCAAGGGTTAAACAATGGCCATTGACAGAAGAAAAAATAAAAGCATTAGTAGAAATTTGTACAGAAATGGAAAAGGAAGGAAAAATTTCRAAAATTGGGCCTGAAAATCCATACAATACTCCAGTATTTGCCATAAAGAAAAAGGATAGTACTAAATGGAGAAAATTAGTAGATTTCAGAGAACTTAATAAGAGAACTCAAGACTTCTGGGAAGTTCAATTAGGAATACCACATCCAGCAGGGTTAAAAAAGAAAAAATCAGTAACAGTACTGGATGTAGGTGATGCATATTTTTCAGTTCCCTTAGATAAAGACTTCAGRAAGTATACTGCATTTACCATACCTAGTACAAACAATGAGACACCAGGGATTAGRTATCAGTACAATGTGCTTCCACAGGGATGGAAAGGATCACCAGCAATATTCCAAAGTAGCATGACAAAAATCTTAGAACCTTTTAGAAAACAAAATCCAGACATAGTYATCTATCARTACATGGATGATTTGTATGTAGGATCTGACTTAGAAATAGGGCAACATAGAACAAAAATAGAGGAACTGAGACAMCATCTGTTGRGGTGGGGATTTACCACACCAGAYAAAAAACATCAGAAAGAACCTCCATTCCTTTGGATGGGWTATGAACTYCATCCTGATAAA,JP,2016,1,
34,69_01B.JP.2016.AB845345,GATGATACAGTATTAGAAGAAATGAGTTTGCCAGGAAGATGGAAACCAAAAATGATAGGGGGAATTGGAGGTTTTATCAAAGTAAGACAGTATGATCAGATACCCATAGAAATCTGTGGAAATAAAGCTATAGGTACAGTATTAATAGGACCTACACCTGTCAACATAATTGGAAGAAATTTGTTGACTCAGATTGGCTGCACTTTAAATTTTCCCATTAGTCCTATTGAAACTGTACCAGTAAAATTAAAGCCAGGTATGGATGGCCCAAGGGTTAAACAATGGCCATTGACAGAAGAAAAAATAAAAGCATTAGTAGAAATTTGTACAGAAATGGAAAAGGAAGGAAAAATTTCAAAAATTGGGCCTGAAAATCCATACAATACTCCAGTATTTGCCATAAAGAAAAAGGATAGTACTAAATGGAGAAAATTAGTAGATTTCAGAGAACTTAATAAGAGAACTCAAGACTTCTGGGAAGTTCAATTAGGAATACCACATCCAGCAGGGTTAAAAAAGAAAAAATCAGTAACAGTACTGGATGTAGGTGATGCATATTTTTCAGTTCCCTTAGATAAAGACTTCAGGAAGTATACTGCATTTACCATACCTAGTATAAACAATGAGACACCAGGGATTAGATATCAGTACAATGTGCTTCCACAGGGATGGAAAGGATCACCAGCAATATTCCAAAGTAGCATGACAAAAATCTTAGAACCTTTTAGAAAACAAAATCCAGACATAGTTATCTATCAATACATGGATGATTTGTATGTAGGATCTGACTTAGRAATAGGGCAACATAGAACAAAAATAGAGGAACTGAGACAACATCTGTTGAGGTGGGGATTTACCACACCAGACAAAAAACATCAGAAAGAACCTCCATTCCTTTGGATGGGTTATGAACTCCATCCTGATAAA,JP,2016,1,
35,69_01B.JP.2015.LC027100,GATGATACAGTATTAGAAGAAATAAATTTGCCAGGAAGATGGAAACCAAAAATGATAGGGGGAATTGGAGGTTTTATCAAAGTAAGACAGTATGATCAGATACCCATAGAAATCTGTGGAAAAAAGGCTATAGGTACAGTATTAATAGGACCTACACCTGTCAACATAATTGGAAGAAACTTGTTGACTCAGATTGGCTGCACTTTAAATTTTCCCATTAGTCCTATTGAAACTGTACCAGTAAAATTAAAGCCAGGTATGGATGGCCCAAGGGTTAAACAATGGCCATTGACAGAAGAAAAAATAAAAGCATTAGTAGAAATTTGTACAGAAATGGAAAAGGAAGGAAAAATTTCAAAAATTGGGCCTGAAAATCCATACAATACTCCAGTATTTGCCATAAAGAAAAAGGATAGTACTAAATGGAGAAAATTAGTAGATTTCAGAGAACTTAATAAGAGAACTCAAGACTTCTGGGAAGTTCAATTAGGAATACCACATCCAGCAGGGTTAAAAAAGAAAAAATCAGTAACAGTACTGGATGTAGGTGATGCATACTTTTCAGTTCCCTTAGATAAAGACTTCAGGAAGTATACTGCATTTACCATACCTAGTATAAACAATGCGACACCAGGGATTAGATATCAGTACAATGTGCTTCCACAGGGATGGAAAGGATCACCAGCAATATTCCAAAGTAGCATGACAAAAATCTTAGAACCTTTTAGAAAACAAAATCCAGACATAGTTATCTATCAATACATGGATGATTTGTATGTAGGATCTGACTTAGAAATAGGGCAACATAGAACAAAAATAGAGGAACTGAGACAACATCTGTTGAGGTGGGGATTTACCACACCAGACAAAAAACATCAGAAAGAACCTCCATTCCTCTGGATGGGTTATGAACTCCATCCTGATAAA,JP,2015,1,
36,A.CN.2012.Br-1-A.HE657466,GATGACACAGTATTAGAAGACATAAATTTGCCAGGAAAATGGAAACCAAAAATGATAGGGGGAATTGGAGGTTTTATCAAAGTAAGACAGTATGATCAGATACTTATAGAAATTTGTGGAAAAAAGGCTATAGGTACGGTATTAGTAGGACCTACCCCTGTCAACATAATTGGAAGAAATATGTTGACTCAGCTTGGTTGTACTTTAAATTTTCCAATAAGTCCTATTGAAACTGTACCAGTGAAATTAAAGCCAGGAATGGATGGCCCAAAAGTTAAACAATGGCCATTAACAGAAGAGAAAATAAAAGCATTAACAGAAATTTGTAATGAGATGGAAAAGGAAGGAAAAATTTCAAAAATTGGGCCTGAAAATCCATACAATACTCCAGTATTTGCTATAAAGAAAAAGGACAGCACTAAGTGGAGGAAATTAGTAGATTTCAGAGAGCTCAATAAAAGAACTCAGGACTTTTGGGAAGTTCAATTAGGAATACCCCATCCAGCGGGTTTAAAAAAGAAAAAATCAGTAACAGTACTAGATGTAGGGGATGCATATTTTTCAGTCCCTTTAGATGAGAGCTTCAGAAAGTACACTGCATTCACTATACCAAGTATAAACAATGAGACACCAGGGATCAGATATCAGTACAATGTACTTCCACAAGGATGGAAAGGATCTCCATCAATATTCCAGGCTAGCATGACAAAAATCTTAGAGCTCTTTAGATCAAAAAATCCAGAAATAGTTATCTATCAATACATGGATGACCTGTATGTAGGCTCTGATTTAGAAATAGGGCAACATAGAACAAAAATAGAGGAGTTAAGAGCTCATCTCTTGAGCTGGGGATTTACTACACCAGACAAAAAGCATCAGAAAGAACCTCCATTTCTTTGGATGGGGTATGAACTCCATCCTGACAAA,CN,2012,1,
37,A.UG.1992.92UG037_A40.AB253429,GATGATACAGTATTAGAAGACATAAATTTGCCAGGAAAATGGAAACCAAAAATGATAGGGGGAATTGGAGGTTTCATCAAGGTAAAACAGTATGATCAGATACTTATAGAAATTTGTGGAAAAAAGGCTATAGGTACAGTATTGGTAGGACCTACACCTGTCAACATAATTGGAAGAAATATGTTGACCCAGATTGGTTGTACTTTAAATTTCCCAATTAGTCCTATTAGTACTGTACCAGTAAAATTAAAACCAGGAATGGATGGCCCAAGGATTAAACAATGGCCATTGACAGAAGAAAAAATAAAAGCATTAACAGAAATTTGTGCAGATATGGAAAGAGAAGGAAAAATTTCAAAAATTGGGCCTGAAAATCCATACAATACTCCAATATTTGCTATAAAGAAAAAGGACAGCACTAAATGGAGAAAATTAGTAGATTTTAGAGAGCTCAATAAAAGAACTCAAGACTTTTGGGAAGTTCAATTAGGAATACCGCATCCAGCGGGCTTAAAAAAGAAAAAATCAGTAACAGTACTAGATGTGGGGGACGCATATTTTTCAGTTCCCTTAGATGAAAGCTTTAGAAAGTATACTGCATTCACCATACCTAGTACAAACAATGAGACACCAGGAATCAGGTATCAGTACAATGTGCTTCCACAGGGATGGAAAGGATCACCGGCAATATTCCAGGCCAGCATGACAAAAATCTTAGAGCCCTTTAGATCAAAAAATCCAGACATAGTTATCTATCAATACATGGATGACTTGTATGTAGGATCTGATTTAGAAATAGGGCAGCATAGAACAAAAATAGAAGAATTAAGAGAACATCTATTGAAATGGGGATTTACTACACCAGACAAGAAGCATCAGAAAGAACCTCCATTTCTTTGGATGGGATATGAACTCCATCCTGATAAG,UG,1992,1,
38,B.BMn.2012.Mn-14-B.HE657453,GATGATACAGTATTAGAAGATATAAATTTACCAGGAAAATGGAAACCAAGAATGATAGGGGGAATTGGGGGTTTTATTAAAGTAAGACAGTATGACAATATAACCATAGACATTGAGGGACATAAAGCGATAGGTACAGTATTAGTAGGACCTACACCTGTCAACATAATTGGAAGAAATCTGTTGACTCAGCTTGGTTGCACTTTAAATTTTCCCATAAGTCCTATTGAAACTGTACCAGTAAAATTAAAGCCAGGAATGGATGGCCCAAAAGTTAAACAATGGCCATTGACAGAAGAAAAAATAAAAGCATTAGTAGARATTTGTACAGAAATGGAAAAGGAAGGAAAAATTTCAAAAATTGGGCCTGAAAATCCATACAACACTCCAGTATTTGCCATAAAGAAAAAGGACAGTACTAAATGGAGAAAATTAGTAGATTTCAGAGAACTTAATAAGAGAACTCAAGACTTCTGGGAAGTTCAATTAGGAATACCACATCCTGCAGGGTTAAAAAAGAAAAAATCAGTAACAGTCCTGGATGTGGGTGATGCATATTTTTCAGTGCCATTAGATAAAGAATTCAGGAAGTATACTGCATTCACCATACCCAGTATGAACAATGAGACACCAGGGATTAGATATCAGTACAATGTGCTTCCACAGGGATGGAAAGGATCACCAGCAATATTCCAAAGTAGTATGATAAAAATCTTAGAGCCTTTTAGAAAACAAAAYCCAGACATGGTTATCTATCAATACATGGATGATTTGTATGTAGGATCTGACTTAGAAATAGGGCAGCATAGAACAAAAATAGAGGAGCTAAGACAACATCTGTTRAAGTGGGGGTTTACCACACCAGACAAAAAACATCAGAAAGAACCTCCATTTCTTTGGATGGGTTATGAACTCCATCCTGATAAA,BMn,2012,1,
39,B.FR.1983.HXB2-LAI-IIIB-BRU.K03455,GATGATACAGTATTAGAAGAAATGAGTTTGCCAGGAAGATGGAAACCAAAAATGATAGGGGGAATTGGAGGTTTTATCAAAGTAAGACAGTATGATCAGATACTCATAGAAATCTGTGGACATAAAGCTATAGGTACAGTATTAGTAGGACCTACACCTGTCAACATAATTGGAAGAAATCTGTTGACTCAGATTGGTTGCACTTTAAATTTTCCCATTAGCCCTATTGAGACTGTACCAGTAAAATTAAAGCCAGGAATGGATGGCCCAAAAGTTAAACAATGGCCATTGACAGAAGAAAAAATAAAAGCATTAGTAGAAATTTGTACAGAGATGGAAAAGGAAGGGAAAATTTCAAAAATTGGGCCTGAAAATCCATACAATACTCCAGTATTTGCCATAAAGAAAAAAGACAGTACTAAATGGAGAAAATTAGTAGATTTCAGAGAACTTAATAAGAGAACTCAAGACTTCTGGGAAGTTCAATTAGGAATACCACATCCCGCAGGGTTAAAAAAGAAAAAATCAGTAACAGTACTGGATGTGGGTGATGCATATTTTTCAGTTCCCTTAGATGAAGACTTCAGGAAGTATACTGCATTTACCATACCTAGTATAAACAATGAGACACCAGGGATTAGATATCAGTACAATGTGCTTCCACAGGGATGGAAAGGATCACCAGCAATATTCCAAAGTAGCATGACAAAAATCTTAGAGCCTTTTAGAAAACAAAATCCAGACATAGTTATCTATCAATACATGGATGATTTGTATGTAGGATCTGACTTAGAAATAGGGCAGCATAGAACAAAAATAGAGGAGCTGAGACAACATCTGTTGAGGTGGGGACTTACCACACCAGACAAAAAACATCAGAAAGAACCTCCATTCCTTTGGATGGGTTATGAACTCCATCCTGATAAA,FR,1983,1,
40,B.TH.1990.BK132.AY173951,GATGATACAGTATTAGAAGAAATGAATTTGCCAGGAAGATGGAAACCAAAAATGATAGGGGGAATTGGAGGTTTTATCAAAGTAAGACAATATGATCAGATACTTGTAGAAATCTGTGGACATAAAGCTATAGGTACAGTATTAATAGGACCTACACCTGTCAACATAATTGGAAGAAATTTGTTGACTCAGCTTGGTTGCACTTTAAATTTTCCTATTAGTCCTATTGAAACTGTACCAGTAAAATTAAAGCCAGGAATGGATGGCCCAAAAGTTAAACAATGGCCATTGACAGAAGAAAAAATAAAAGCATTAGTAGAAATTTGTACAGAAATGGAAAAGGAAGGAAAAATTTCAAAAATTGGGCCTGAAAATCCATACAATACTCCAGTATTTGCCATAAAGAAAAAAGACAGTACTAAATGGAGAAAATTAGTAGATTTCAGAGAACTTAATAAAAGAACTCAAGACTTCTGGGAAGTTCAATTAGGAATACCACATCCCGCAGGGTTGAAAAAGAAAAAATCAGTAACGGTACTGGATGTGGGTGATGCATATTTTTCAGTTCCCTTAGATAAAGACTTCAGGAAATATACTGCATTTACCATACCGAGTACAAACAATGAGACACCAGGGATTAGATATCAGTACAATGTGCTTCCACAGGGATGGAAAGGATCACCAGCAATATTCCAATGTAGCATGACAAAAATCTTAGAGCCTTTTAGAAAACAAAATCCAGACATAGTTATCTATCAATACATGGATGATTTGTATGTAGGATCTGACTTAGAAATAGGGCAGCATAGAACAAAAATAGAGGAACTGAGACAACATCTGTTGAGGTGGGGATTTACCACACCAGATAAAAAACATCAGAAAGAACCTCCATTCCTTTGGATGGGTTATGAACTCCATCCTGATAAA,TH,1990,1,
41,B.US.1998.1058_11.AY331295,GATGATACAGTATTAGAAGAAATGAATTTGCCCGGAAGATGGAAACCAAAAATGATAGGGGGAATTGGAGGTTTTATCAAAGTAAGACAGTATGATCAGATACCCATAGAAATTTGTGGAAATAAAGCTATAGGTACAGTGTTAATAGGACCTACACCTGTCAACATAATTGGAAGAAATCTGTTGACTCAGATTGGTTGCACTCTAAATTTTCCCATTAGTCCTATTGAGACTGTACCAGTAAAATTGAAGCCAGGAATGGATGGTCCAAAAGTTAAACAATGGCCATTAACAGAAGAAAAAATAAAAGCATTAGCAGAAATTTGTGCAGAAATGGAAAAGGAAGGGAAAATTTCAAAAATTGGGCCTGAAAATCCATACAATACTCCAGTATTTGCTATAAAAAAGAAAGACAGTACTAAATGGAGAAAGTTAGTAGATTTTAGAGAACTTAATAAGAAAACTCAAGACTTCTGGGAAGTTCAATTAGGAATACCACATCCCGCAGGGTTAAAAAAGAAAAAATCAGTAACAGTACTGGATGTGGGTGATGCATATTTCTCAGTTCCCTTAGATAGAGAATTCAGAAAGTATACTGCATTTACCATACCTAGTGTAAACAACGAGACACCAGGGATTAGATATCAGTATAATGTGCTTCCACAGGGATGGAAAGGATCACCAGCAATATTCCAAAGTAGCATGACAAAAATCTTAGAGCCTTTTAGAAAACAAAATCCAGAAATAGTTATCTATCAATACGTGGATGATTTGTATGTAGGATCTGACTTAGAAATAGGGCAGCATAGAACAAAAATAGAGGAACTGAGACAACATCTGTTGAAGTGGGGATTTACCACACCAGACAAAAAACATCAGAAAGAACCTCCATTCCTTTGGATGGGGTATGAACTCCATCCTGATAAA,US,1998,1,
42,C.CN.2016.08GQ304.FN557337,GATGATACAGTATTAGAAGACATAAATTTGCCAGGGAAATGGAAACCAAAAATGATAGGAGGAATTGGAGGTTTTATCAAAGTAAAGCAATATGATCACATAACTATAGAAATTTGTGGRAAAAAGGCCATAGGTACAGTRTTAGTAGGACCTACACCTGTCAACATAATTGGAAGAAATATGTTGACTCAGCTTGGTTGCACTCTAAATTTTCCAATTAGTCCTATTGAAACTGTACCAGTAAAATTAAAGCCAGGAATGGATGGCCCAAAGGTCAAACAATGGCCTTTGACAGAAGAAAAAATAAAAGCATTAACAGCAATATGTGAAGAGATGGAGAAGGAAGGAAAAATTACAAAAATTGGGCCTGAAAATCCATATAATACTCCAGTATTTGCCATAAAAAAGAAGGACAGTACTAAGTGGAGAAAATTAGTAGATTTCAGAGAACTTAATAAAAGAACTCAAGACTTTTGGGAAGTTCAATTAGGAATACCACACCCAGCAGGGTTAAAAAAGAAAAAGTCAGTAACAGTGCTGGATGTAGGGGATGCATATTTTTCAGTTCCTTTAGATAAGGACTTCAGGAAATATACTGCATTCACCATACCTAGTGTAAACAATGAAACACCAGGGATTAGGTATCAATACAATGTGCTACCACAGGGATGGAAAGGATCACCAGCAATATTCCAGGCTAGTATGACAAAAATCTTAGAGCCCTTTAGGACAAAAAACCCAGAAATAGTCATCTATCAATATATGGATGACTTGTATGTAGGATCTGATTTAGAAATAGGGCAACATAGGGCAAAAATAGAGGAGTTAAGAGAACATCTATTGARATGGGGATTTACCACACCAGACAAGAAACATCAGAAAGAACCCCCATTTCTTTGGATGGGGTATGAACTCCATCCTGACAAA,CN,2016,1,
43,C.ET.1986.ETH2220.U46016,GATGATACAGTATTAGAAGAAATAAATTTGCCAGGAAAATGGAAACCAAAAATGATAGGAGGAATTGGAGGTTTTATTAAAGTAAGACAGTATGATCAAATAATCATAGAAATTTGTGGAAAAAAGGCTATAGGTACAGTACTAGTAGGACCTACACCTGTCAACATAATTGGCAGAAACATGTTGACTCAGCTTGGACGCACATTAAACTTTCCAATTAGTCCCATTGAAACTGTACCAGTAAAATTAAAGCCAGGAATGGATGGCCCAAAAGTCAAACAATGGCCATTGACAGAAGAAAAGATAAAAGCATTAACAGCAATTTGTGAAGAAATGGAGCAGGAAGGAAAAATTTCAAGAATTGGGCCTGAAAACCCATATAATACTCCAGTATTTGCCATAAAAAAGAAGGACAGTACTAAGTGGAGAAAATTAGTAGATTTCAGGGAACTCAATAAAAGAACTCAAGACTTTTGGGAAGTTCAATTAGGGATACCACACCCAGCAGGGTTAAAAAAGAAAAAATCAGTGACAGTACTAGATGTGGGGGATGCATATTTCTCAGTTCCTTTAGATGAAGGTTTCAGAAAATATACTGCATTCACCATACCTAGTACAAACAATGAAACACCAGGGATTAGATATCAATATAATGTCCTCCCACAGGGATGGAAAGGATCACCACCAATATTCCAGAGTAGCATGCCCCAAATCTTAGAGCCCTTTAGGGCCCCCAACCCAGAAATAGTTATCTATCAATATATGGATGACTTGTATGTAGGATCTGACTTAGAAATAGGGCAACATAGAGCCCCAATAGAAGAGTTAAGAGAACATCTATTAAAGTGGGGATTTACCACACCAGACAAGAAACATCAGAAAGAACCTCCATTTCTTTGGATGGGGTATGAACTTCATCCTGACAAA,ET,1986,1,
44,D.CD.1983.ELI.K03454,GATGATACAGTATTAGAAGAAATGAATTTGCCAGGAAAATGGAAACCAAAAATGATAGGGGGAATTGGAGGTTTTATCAAAGTAAGACAGTATGATCAAATACCCATAGAAATCTGTGGACAGAAAGCTATAGGTACAGTATTAGTAGGACCTACGCCTGTCAACATAATCGGAAGAAATTTGTTGACCCAGATTGGCTGCACTTTAAATTTTCCAATTAGTCCTATTGAAACTGTACCAGTAAAATTAAAGCCAGGAATGGATGGCCCAAAAGTTAAACAATGGCCATTGACAGAAGAAAAAATAAAAGCATTAACAGAAATTTGTACAGATATGGAAAAGGAAGGAAAAATTTCAAGAATTGGGCCTGAAAATCCATACAATACTCCAATATTTGCCATAAAGAAAAAAGACAGTACCAAGTGGAGAAAATTAGTAGATTTCAGAGAACTTAATAAGAGAACTCAAGATTTCTGGGAAGTTCAATTAGGAATACCGCATCCTGCAGGGCTGAAAAAGAAAAAATCAGTAACAGTACTGGATGTGGGTGATGCATATTTTTCAGTTCCCTTAGATGAAGATTTTAGGAAATATACCGCCTTTACCATATCTAGTATAAACAATGAGACACCAGGGATTAGATATCAGTACAATGTGCTTCCACAGGGATGGAAAGGATCACCGGCAATATTCCAAAGTAGCATGACAAAAATCTTAGAGCCCTTTAGAAAACAAAATCCAGAAATGGTTATCTATCAATACATGGATGATTTGTATGTAGGATCTGACTTAGAAATAGGGCAGCATAGGACAAAAATAGAGAAATTAAGAGAACATCTATTGAGGTGGGGATTTACCAGACCAGATAAAAAACATCAGAAAGAACCCCCATTTCTTTGGATGGGTTATGAACTCCATCCTGATAAA,CD,1983,1,
45,D.CM.2001.01CM_4412HAL.AY371157,GATGATACAGTATTAGAAGACATAAATTTGCCAGGAAAATGGAAACCAAAAATGATAGGGGGAATTGGAGGTTTTATCAAAGTAAGACAGTATGATCAGATACCTATAGAAATTTGTGGACAGAAGGCTATAGGTACAGTATTAGTAGGACCTACACCTGTCAACATAATTGGAAGAAATTTGTTGACCCAGATTGGCTGCACTCTAAATTTTCCAATTAGTCCTATTGAAACTGTACCAGTAAAATTAAAGCCAGGAATGGATGGCCCAAAAATTAAACAATGGCCATTAACAGAAGAAAAAATAAAAGCATTAACAGATATTTGTAAAGAAATGGAAAAGGAAGGAAAAATTTCAAGAATTGGGCCTGAAAATCCATACAATACTCCAATATTTGCTATAAAGAAAAAAGACAGTACTAAGTGGAGAAAATTAGTAGATTTCAGAGAACTTAATAAGAGAACTCAAGACTTCTGGGAAGTTCAATTAGGAATACCGCATCCTGCCGGGCTGAAAAAGAAAAAATCAGTAACAGTACTAGATGTAGGTGATGCATACTTTTCAGTTCCCTTAGATAAAGAGTTTAGGAAATACACAGCATTCACCATACCTAGTACAAACAATGAAACACCAGGAATTAGATATCAGTACAATGTGCTTCCACAGGGATGGAAAGGATCACCAGCGATATTCCAATGTAGTATGACAAAGATCTTAGAGCCTTTTAAAAAACAAAATCCAGAACTAATTATCTATTCATACATGGATGATTTGTATGTAGGATCTGATTTGGAAATAGGGCAGCATAGAGCAAAAATAGAAAAATTAAGAGAACATCTATTAAAATGGGGACTCACCACGCCAGATAAAAAACATCAGAAAGAACCTCCATTTCTTTGGATGGGTTATGAACTCCATCCTGATAAA,CM,2001,1,
46,F1.FR.1996.96FR-MP411.AJ249238,GATGATACAGTATTAGAAGACATAGATTTGCCAGGAAAATGGAAACCAAAAATAATAGGGGGAATTGGAGGTTTTATCAAAGTAAAACAGTATGATCAAATAACCATAGATATTTGTGGACACAAGGCTATAGGTACAGTGTTAGTAGGACCTACACCTGTCAACATAATTGGAAGGAATATGTTGACTCAGATTGGTTGCACTTTAAATTTTCCAATTAGTCCTATTGAAACTGTACCAGTAAAATTGAAGCCAGGAATGGATGGCCCAAAGGTTAAACAATGGCCATTGACAGAGGAAAAAATAAAAGCACTAACAGAAATATGTACAGATATGGAAAAAGAAGGAAAGATTTCAAAAATTGGGCCTGAAAATCCATACAATACTCCAATATTTGCCATAAAGAAAAAAGACAGTACTAAATGGAGAAAATTAGTAGATTTTAGAGAACTTAATAAAAGAACTCAAGATTTTTGGGAAGTTCAATTAGGAATACCACATCCTGCAGGGTTAAAAAAGAAAAAGTCAGTAACAGTACTAGATGTGGGGGATGCATATTTTTCAGTTCCCTTAGATAAGGAGTTCAGGAAGTACACTGCATTCACCATACCTAGTCTCAACAATGAGACACCAGGAATCAGATACCAGTACAATGTGCTTCCACAAGGGTGGAAAGGATCACCAGCAATATTCCAAAGTAGTATGACAAAAATTTTAGAGCCCTTTAGAGCAAAAAATCCAGACATAGTTATCTACCAATACATGGATGATTTGTATGTAGGGTCTGACTTAGAACTAGGGCAGCATAGGATGAAAATAGAGGAGTTAAGGGAACATCTACTGAAATGGGGCTTTACTACACCAGACAAGAAACATCAGAAAGAACCCCCATTCCTTTGGATGGGGTATGAACTCCATCCTGATAAA,FR,1996,1,
47,F2.CM.2002.02CM_0016BBY.AY371158,GATGATACAGTATTAGAAGATATAAATTTGTCAGGAAAATGGAAACCAAGAATGATAGGGGGAATTGGAGGTTTTATCAAAGTAAGACAGTATGATCAAGTACCCATAGAAATTTGTGGACAAAAGGCTATAGGTACAGTATTAGTAGGGCCTACGCCTGTCAACATAATTGGAAGAAATATGTTGACTCAGATTGGTTGCACTTTAAATTTTCCAATTAGTCCTATTGAGACTGTACCAGTAAAATTAAAGCCAGGAATGGATGGCCCAAAGGTTAAACAATGGCCATTGACAGAAGAAAAAATAAAAGCACTAACAGAAATCTGTACAGAGATGGAAAAAGAAGGAAAAATTTCAAAAATTGGGCCAGAAAATCCATACAATACTCCAGTATTTGCCATAAAGAAAAAGGACAGTACTAAATGGAGAAAACTAGTAGATTTCAGAGAGCTTAATAAAAGAACTCAAGATTTTTGGGAGGTTCAGTTAGGAATACCACACCCTGCAGGTTTAAAAAAGAAAAAATCAGTAACAGTATTGGATGTGGGGGATGCATATTTTTCAGTTCCCTTAGATAAGGAATTCAGGAAGTACACTGCATTCACCATACCTAGTATTAACAATGAGACACCAGGAATTAGATATCAGTACAATGTGCTTCCACAGGGATGGAAAGGGTCACCAGCAATATTCCAAAGTAGCATGACAAAAATCTTAGAGCCCTTTAGAGCAAGAAATCCAGAGATAGTTGTCTACCAATACATGGATGATTTGTATGTAGGGTCTGACTTAGAAATAGGGCAGCATAGGGCAAAAATAGAGGAGTTAAGAGAACATCTATTGAGATGGGGATTTACTACACCAGATAAAAAACATCAGAAGGAACCCCCATTTCTTTGGATGGGGTATGAACTCCATCCTGACAAA,CM,2002,1,
48,G.BE.1996.DRCBL.AF084936,GATGATACAGTATTAGAAGAAATAGATTTACCAGGAAAATGGAAACCAAAAATGATAGGGGGAATTGGAGGTTTTATCAAAGTAAGACAGTATGATCAAATACTTATAGAAATTAGTGGAAAAAGGGCTATAGGGACAGTATTAGTAGGACCTACACCTATCAATATAATTGGGAGAAATATGTTGACTCAGATTGGTTGCACTTTAAATTTTCCAATTAGTCCTATTGAAACTGTGCCAGTAAAATTAAAGCCAGGAATGGATGGGCCACGGGTTAAACAATGGCCATTGACAGAAGAGAAAATAAAAGCATTAACAGAAATTTGTAATGAGATGGAAAAGGAAGGAAAAATTTCAAAGATTGGGCCTGAAAACCCATATAACACTCCAATATTTGCCATAAAGAAAAAAGACAGTACTAGATGGAGAAAATTGGTAGATTTCAGAGAGCTCAATAAAAGGACTCAAGACTTCTGGGAGGTCCCATTAGGAATACCTCATCCCGGGGGGTTAAAACAGAAAAGATCAGTAACAGTACTAGATGTGGGGGATGCATATTTTTCAGTTCCTTTAGATGAAAACTTTAGAAAATATACTGCATTCACTATACCTAGTACAAATAATGAGACACCAGGAATTAGATATCAGTACA-------TCCACAGGGATGGAAAGGATCACCAGCAATATTTCAGAGTAGCATGACAAAAATCTTAGAGCCCTTTAGAACACAAAATCCAGAAATAGTGATCTACCAATACATGGATGATTTATATGTAGGATCAGACTTAGAAATAGGGCAGCATAGAGCAAAAATAGAAGAGTTAAGAGAACATCTACTGAGATGGGGATTTACCACACCAGATAAGAAACATCAGAAAGAACCTCCATTTCTTTGGATGGGATATGAGCTCCATCCTGACAAA,BE,1996,1,
49,H.BE.1993.V1991.AF190127,GATGATACAGTATTAGAAGACATAAATTTGCCAGGAAAATGGAAACCAAAAATGATAGGAGGAATTGGAGGTTTTATCAAAGTAAGACAATATGAGCAAGTAGCCATAGAAATTTTTGGAAAAAAGGCTATAGGAACAGTATTAGTAGGACCTACACCTGTCAATATAATTGGAAGGAATATATTGACTCAAATGGGTTGCACCTTAAATTTGCCAATTAGTCCTATTGAAACTGTACCAGTAACATTAAAGCCAGGAATGGATGGCCCAAAGGTTAAACAATGGCCACTGACAGAAGAAAAAATAAAAGCATTAACAGAAATTTGTTTAGAAATGGAAAAGGAAGGTAAAATTTCAAAAATAGGGCCCGAGAATCCATACAACACTCCAATATTTGCCATAAAAAAGAAGAACAGTACTAGATGGAGAAAATTAGTGGATTTCAGAGAACTTAATAAAAGAACTCAAGACTTCTGGGAAGTACAGTTAGGAATACCACATCCAGCAGGGTTAAAAAAGAAAAAGTCAGTATCAGTACTGGATGTGGGGGGTGCATATTTTTCAGTCCCTTTACATGAAGACTTCAGGAAGTATACTGCATTCACCATACCTAGTACAAACAATGAGACACCAGGGATTAGATATCAGTATAATGTGCTTCCACAGGGATGGAAAGGATCCCCAGCAATATTCCAGAGTAGCATGACAAAGATCTTAGAGCCCTTTAGAAAACAAAATCCTGAAGTGATTATTTACCAATACATGGATGATTTGTATGTAGGATCTGACTTAGAAATAGGACAACATAGAGAAAAAATAGAAGAGTTAAGAGCTCATTTGTTGAGGTGGGGATTCACCACACCAGACCAAAAACATCAGAAAGAACCCCCATTTCTTTGGATGGGATATGAACTCCATCCTGACAAA,BE,1993,1,
