-	S1a	8782(SNP:C->U);18060(SNP:C->U);28144(SNP:U->C)
-	S1b1	8782(SNP:C->U);17858(SNP:A->G);18060(SNP:C->U);28144(SNP:U->C)
-	S1b2a	8782(SNP:C->U);17747(SNP:C->U);17858(SNP:A->G);18060(SNP:C->U);28144(SNP:U->C)
-	S1b2b	6693(SNP:A->G);8782(SNP:C->U);14877(SNP:C->U);17747(SNP:C->U);17858(SNP:A->G);18060(SNP:C->U);28144(SNP:U->C);29188(SNP:A->U)
-	S1b2c	1401(SNP:G->A);8782(SNP:C->U);17747(SNP:C->U);17858(SNP:A->G);18060(SNP:C->U);28144(SNP:U->C)
-	S1b2d1	8782(SNP:C->U);17010(SNP:C->U);17747(SNP:C->U);17858(SNP:A->G);18060(SNP:C->U);28144(SNP:U->C)
-	S1b2d2	8782(SNP:C->U);15406(SNP:G->A);17010(SNP:C->U);17747(SNP:C->U);17858(SNP:A->G);18060(SNP:C->U);28144(SNP:U->C)
-	S1b2e1	8782(SNP:C->U);17747(SNP:C->U);17858(SNP:A->G);18060(SNP:C->U);24694(SNP:A->U);28144(SNP:U->C)
-	S1b2e2	8782(SNP:C->U);17747(SNP:C->U);17858(SNP:A->G);18060(SNP:C->U);24694(SNP:A->U);28144(SNP:U->C);28812(SNP:G->U)
-	S1b2f	8782(SNP:C->U);17747(SNP:C->U);17858(SNP:A->G);18060(SNP:C->U);23010(SNP:U->C);28144(SNP:U->C)
-	S1b2g	354(SNP:G->A);2070(SNP:C->U);8782(SNP:C->U);17747(SNP:C->U);17858(SNP:A->G);18060(SNP:C->U);26566(SNP:A->G);28144(SNP:U->C)
-	S1b2h	8782(SNP:C->U);17747(SNP:C->U);17858(SNP:A->G);18060(SNP:C->U);27384(SNP:U->C);28144(SNP:U->C)
-	S1b3a	8782(SNP:C->U);17858(SNP:A->G);18060(SNP:C->U);24694(SNP:A->U);28144(SNP:U->C)
-	S1b3b	8782(SNP:C->U);17858(SNP:A->G);18060(SNP:C->U);24694(SNP:A->U);28144(SNP:U->C);28812(SNP:G->U)
-	S2	8782(SNP:C->U);28144(SNP:U->C)
-	S3	3179(SNP:G->A);6982(SNP:C->U);8782(SNP:C->U);28144(SNP:U->C)
-	S4	4402(SNP:U->C);5062(SNP:G->U);8782(SNP:C->U);28144(SNP:U->C)
-	S5a	8782(SNP:C->U);28144(SNP:U->C);28878(SNP:G->A)
-	S5b	8782(SNP:C->U);16381(SNP:G->A);17877(SNP:U->C);28144(SNP:U->C);28878(SNP:G->A)
-	S5c	8782(SNP:C->U);11230(SNP:G->U);28144(SNP:U->C);28167(SNP:G->A);28878(SNP:G->A)
-	S5d1	8782(SNP:C->U);28144(SNP:U->C);22468(SNP:G->U);28878(SNP:G->A)
-	S5d2	361(SNP:A->G);8782(SNP:C->U);28144(SNP:U->C);22468(SNP:G->U);28878(SNP:G->A)
-	S6a	8782(SNP:C->U);24034(SNP:C->U);26729(SNP:U->C);28077(SNP:G->C);28144(SNP:U->C)
-	S6b1	490(SNP:U->A);3177(SNP:C->U);8782(SNP:C->U);18736(SNP:U->C);24034(SNP:C->U);26729(SNP:U->C);28077(SNP:G->C);28144(SNP:U->C)
-	S6b2a	490(SNP:U->A);3177(SNP:C->U);8782(SNP:C->U);18736(SNP:U->C);24034(SNP:C->U);26729(SNP:U->C);27635(SNP:C->U);28077(SNP:G->C);28144(SNP:U->C)
-	S6b2b	490(SNP:U->A);3177(SNP:C->U);8782(SNP:C->U);18736(SNP:U->C);24034(SNP:C->U);26729(SNP:U->C);27635(SNP:C->U);28077(SNP:G->C);28144(SNP:U->C);29567(SNP:A->C)
-	S6b2c	490(SNP:U->A);3177(SNP:C->U);8782(SNP:C->U);18736(SNP:U->C);19684(SNP:G->U);24034(SNP:C->U);26729(SNP:U->C);27635(SNP:C->U);28077(SNP:G->C);28144(SNP:U->C)
-	S6b3a	490(SNP:U->A);3177(SNP:C->U);6040(SNP:C->U);8782(SNP:C->U);12478(SNP:G->A);18736(SNP:U->C);24034(SNP:C->U);26729(SNP:U->C);28077(SNP:G->C);28144(SNP:U->C);28896(SNP:C->G)
-	S6b3b	490(SNP:U->A);3177(SNP:C->U);6040(SNP:C->U);8782(SNP:C->U);8950(SNP:C->U);12478(SNP:G->A);18736(SNP:U->C);24034(SNP:C->U);26729(SNP:U->C);28077(SNP:G->C);28144(SNP:U->C);28896(SNP:C->G);29451(SNP:C->U)
-	S7	8782(SNP:C->U);28144(SNP:U->C);29095(SNP:C->U)
-	S8a	8782(SNP:C->U);26088(SNP:C->U);28144(SNP:U->C)
-	S8b	8782(SNP:C->U);17470(SNP:C->U);26088(SNP:C->U);28144(SNP:U->C)
-	S9a	895(SNP:A->G);2942(SNP:C->U);4390(SNP:G->U);8782(SNP:C->U);9598(SNP:C->U);20134(SNP:G->U);24047(SNP:G->A);28144(SNP:U->C)
-	S9b	895(SNP:A->G);2942(SNP:C->U);4390(SNP:G->U);8782(SNP:C->U);9598(SNP:C->U);20134(SNP:G->U);24047(SNP:G->A);27877(SNP:G->U);28144(SNP:U->C)
-	S10a	8782(SNP:C->U);9477(SNP:U->A);14805(SNP:C->U);25979(SNP:G->U);28144(SNP:U->C);28657(SNP:C->U);28863(SNP:C->U)
-	S10b1	4540(SNP:C->U);8782(SNP:C->U);9477(SNP:U->A);14805(SNP:C->U);25979(SNP:G->U);28144(SNP:U->C);28657(SNP:C->U);28863(SNP:C->U)
-	S10b2	4540(SNP:C->U);8782(SNP:C->U);9477(SNP:U->A);14805(SNP:C->U);25979(SNP:G->U);28144(SNP:U->C);28311(SNP:C->U);28657(SNP:C->U);28863(SNP:C->U)
-	L1a	
-	L1b1	28854(SNP:C->U)
-	L1b2	12710(SNP:C->U);28854(SNP:C->U)
-	L1c	15324(SNP:C->U);29303(SNP:C->U)
-	L1d	6696(SNP:C->U);11001(SNP:C->U)
-	L1e	20270(SNP:C->U)
-	L1f1	514(SNP:U->C)
-	L1f2	514(SNP:U->C);17410(SNP:C->U)
-	L1g1	1440(SNP:G->A);2891(SNP:G->A)
-	L1g2a	1440(SNP:G->A);2891(SNP:G->A);28851(SNP:G->U)
-	L1g2b	1440(SNP:G->A);2891(SNP:G->A);28311(SNP:C->U);28851(SNP:G->U)
-	L1g2c	1440(SNP:G->A);2891(SNP:G->A);25669(SNP:C->U);28851(SNP:G->U)
-	L1g3	1440(SNP:G->A);2891(SNP:G->A);10507(SNP:C->U)
-	L1h1	6312(SNP:C->A);13730(SNP:C->U);28311(SNP:C->U)
-	L1h2a	6312(SNP:C->A);13730(SNP:C->U);23929(SNP:C->U);28311(SNP:C->U)
-	L1h2b1	6310(SNP:C->A);6312(SNP:C->A);13730(SNP:C->U);23929(SNP:C->U);28311(SNP:C->U)
-	L1h2b2	6310(SNP:C->A);6312(SNP:C->A);13730(SNP:C->U);16542(SNP:U->C);17427(SNP:G->U);18894(SNP:C->U);23929(SNP:C->U);28311(SNP:C->U)
-	L1h2b3	6310(SNP:C->A);6312(SNP:C->A);13730(SNP:C->U);23185(SNP:C->U);23929(SNP:C->U);28311(SNP:C->U)
-	L1i1	1397(SNP:G->A)
-	L1i2a	1397(SNP:G->A);28688(SNP:U->C)
-	L1i2b	884(SNP:C->U);1397(SNP:G->A);8653(SNP:G->U);28688(SNP:U->C)
-	L1j1	26144(SNP:G->U)
-	L1j2a	14805(SNP:C->U);26144(SNP:G->U)
-	L1j2b	14805(SNP:C->U);26144(SNP:G->U);28842(SNP:G->U)
-	L1j2c	13627(SNP:G->U);14805(SNP:C->U);15540(SNP:C->U);26144(SNP:G->U);28338(SNP:A->G)
-	L1j2d1	14805(SNP:C->U);17247(SNP:U->C);26144(SNP:G->U)
-	L1j2d2	7479(SNP:A->G);14805(SNP:C->U);17247(SNP:U->C);25572(SNP:C->U);26144(SNP:G->U)
-	L1j2d3	1515(SNP:A->G);9223(SNP:C->U);14805(SNP:C->U);17247(SNP:U->C);26144(SNP:G->U)
-	L1j2e	5572(SNP:G->U);14805(SNP:C->U);26144(SNP:G->U)
-	L1j2f1	14805(SNP:C->U);23707(SNP:C->U);26144(SNP:G->U)
-	L1j2f2	1368(SNP:U->C);6990(SNP:C->U);14805(SNP:C->U);23707(SNP:C->U);26144(SNP:G->U)
-	L1j2g1	2558(SNP:C->U);14805(SNP:C->U);26144(SNP:G->U)
-	L1j2g2	2558(SNP:C->U);14805(SNP:C->U);26144(SNP:G->U);28851(SNP:G->U)
-	L1j2g3a	2480(SNP:A->G);2558(SNP:C->U);14805(SNP:C->U);26144(SNP:G->U)
-	L1j2g3b	2480(SNP:A->G);2558(SNP:C->U);14805(SNP:C->U);26144(SNP:G->U);28851(SNP:G->C)
-	L2a	3037(SNP:C->U);14408(SNP:C->U);23403(SNP:A->G)
-	L2b1	445(SNP:U->C);3037(SNP:C->U);6286(SNP:C->U);14408(SNP:C->U);21255(SNP:G->C);22227(SNP:C->U);23403(SNP:A->G);26801(SNP:C->G);28932(SNP:C->U);29645(SNP:G->U)
-	L2b2	445(SNP:U->C);1513(SNP:C->U);3037(SNP:C->U);6286(SNP:C->U);14408(SNP:C->U);21255(SNP:G->C);22227(SNP:C->U);22377(SNP:C->U);23403(SNP:A->G);26801(SNP:C->G);28932(SNP:C->U);29645(SNP:G->U)
-	L2b3a	445(SNP:U->C);3037(SNP:C->U);6286(SNP:C->U);14408(SNP:C->U);21255(SNP:G->C);22227(SNP:C->U);23403(SNP:A->G);26801(SNP:C->G);28932(SNP:C->U);29366(SNP:C->U);29645(SNP:G->U)
-	L2b3b	445(SNP:U->C);3037(SNP:C->U);6286(SNP:C->U);14408(SNP:C->U);20661(SNP:U->C);21255(SNP:G->C);22227(SNP:C->U);23403(SNP:A->G);26801(SNP:C->G);28932(SNP:C->U);29366(SNP:C->U);29386(SNP:C->U);29645(SNP:G->U)
-	L2b4	445(SNP:U->C);3037(SNP:C->U);5170(SNP:C->U);6286(SNP:C->U);11132(SNP:G->U);14408(SNP:C->U);21255(SNP:G->C);22227(SNP:C->U);23403(SNP:A->G);26801(SNP:C->G);28932(SNP:C->U);29645(SNP:G->U)
-	L2b5a	445(SNP:U->C);3037(SNP:C->U);6286(SNP:C->U);14408(SNP:C->U);21255(SNP:G->C);22227(SNP:C->U);23403(SNP:A->G);26801(SNP:C->G);27944(SNP:C->U);28932(SNP:C->U);29645(SNP:G->U)
-	L2b5b1	445(SNP:U->C);1987(SNP:A->G);3037(SNP:C->U);6286(SNP:C->U);14408(SNP:C->U);21255(SNP:G->C);22227(SNP:C->U);23403(SNP:A->G);26801(SNP:C->G);27944(SNP:C->U);28932(SNP:C->U);29645(SNP:G->U)
-	L2b5b2	445(SNP:U->C);1987(SNP:A->G);3037(SNP:C->U);6286(SNP:C->U);10870(SNP:G->U);14408(SNP:C->U);21255(SNP:G->C);22227(SNP:C->U);23403(SNP:A->G);25614(SNP:C->U);26801(SNP:C->G);27944(SNP:C->U);28932(SNP:C->U);29645(SNP:G->U)
-	L2b5c1	445(SNP:U->C);3037(SNP:C->U);6286(SNP:C->U);9745(SNP:C->U);14408(SNP:C->U);21255(SNP:G->C);22227(SNP:C->U);23403(SNP:A->G);26801(SNP:C->G);27944(SNP:C->U);28932(SNP:C->U);29645(SNP:G->U)
-	L2b5c2	445(SNP:U->C);3037(SNP:C->U);6286(SNP:C->U);7926(SNP:C->U);9745(SNP:C->U);14408(SNP:C->U);21255(SNP:G->C);22227(SNP:C->U);23403(SNP:A->G);26801(SNP:C->G);27944(SNP:C->U);28932(SNP:C->U);29645(SNP:G->U)
-	L2b5d1	445(SNP:U->C);3037(SNP:C->U);6286(SNP:C->U);14408(SNP:C->U);21255(SNP:G->C);21614(SNP:C->U);22227(SNP:C->U);23403(SNP:A->G);26801(SNP:C->G);27944(SNP:C->U);28932(SNP:C->U);29645(SNP:G->U)
-	L2b5d2a	445(SNP:U->C);3037(SNP:C->U);6286(SNP:C->U);14408(SNP:C->U);21255(SNP:G->C);21614(SNP:C->U);22227(SNP:C->U);23403(SNP:A->G);24334(SNP:C->U);26801(SNP:C->G);27944(SNP:C->U);28932(SNP:C->U);29645(SNP:G->U)
-	L2b5d2b	445(SNP:U->C);3037(SNP:C->U);6286(SNP:C->U);14408(SNP:C->U);21255(SNP:G->C);21614(SNP:C->U);22227(SNP:C->U);23403(SNP:A->G);24334(SNP:C->U);26801(SNP:C->G);27769(SNP:C->U);27944(SNP:C->U);28932(SNP:C->U);29645(SNP:G->U)
-	L2b5d2c	445(SNP:U->C);3037(SNP:C->U);6286(SNP:C->U);11533(SNP:A->G);14408(SNP:C->U);21255(SNP:G->C);21614(SNP:C->U);22227(SNP:C->U);23403(SNP:A->G);24334(SNP:C->U);26424(SNP:U->C);26801(SNP:C->G);27944(SNP:C->U);28932(SNP:C->U);29645(SNP:G->U)
-	L2b5d3	445(SNP:U->C);3037(SNP:C->U);6286(SNP:C->U);14408(SNP:C->U);15480(SNP:C->U);21255(SNP:G->C);21614(SNP:C->U);22227(SNP:C->U);23403(SNP:A->G);26801(SNP:C->G);27944(SNP:C->U);28932(SNP:C->U);29645(SNP:G->U)
-	L2b5d4	445(SNP:U->C);3037(SNP:C->U);6286(SNP:C->U);11396(SNP:C->U);14408(SNP:C->U);21255(SNP:G->C);21614(SNP:C->U);22227(SNP:C->U);23403(SNP:A->G);26801(SNP:C->G);27944(SNP:C->U);28932(SNP:C->U);29645(SNP:G->U)
-	L2c1	3037(SNP:C->U);14408(SNP:C->U);15324(SNP:C->U);23403(SNP:A->G)
-	L2c2	3037(SNP:C->U);10870(SNP:G->U);14408(SNP:C->U);15324(SNP:C->U);23403(SNP:A->G);28975(SNP:G->U)
-	L2c3	3037(SNP:C->U);14408(SNP:C->U);15324(SNP:C->U);23403(SNP:A->G);25505(SNP:A->G);25906(SNP:G->C);25996(SNP:G->U);28651(SNP:C->U);28869(SNP:C->U)
-	L2d1	3037(SNP:C->U);14408(SNP:C->U);23403(SNP:A->G);28881(SNP:G->A);28882(SNP:G->A);28883(SNP:G->C)
-	L2d2	3037(SNP:C->U);14408(SNP:C->U);19839(SNP:U->C);23403(SNP:A->G);28881(SNP:G->A);28882(SNP:G->A);28883(SNP:G->C)
-	L2d3a	1163(SNP:A->U);3037(SNP:C->U);14408(SNP:C->U);23403(SNP:A->G);28881(SNP:G->A);28882(SNP:G->A);28883(SNP:G->C)
-	L2d3b	1163(SNP:A->U);3037(SNP:C->U);7540(SNP:U->C);14408(SNP:C->U);16647(SNP:G->U);18555(SNP:C->U);22992(SNP:G->A);23401(SNP:G->A);23403(SNP:A->G);28881(SNP:G->A);28882(SNP:G->A);28883(SNP:G->C)
-	L2d3c	1163(SNP:A->U);3037(SNP:C->U);3256(SNP:U->C);5622(SNP:C->U);14202(SNP:G->U);14408(SNP:C->U);19718(SNP:C->U);22388(SNP:C->U);23403(SNP:A->G);26060(SNP:C->U);28881(SNP:G->A);28882(SNP:G->A);28883(SNP:G->C);29227(SNP:G->U);29466(SNP:C->U)
-	L2d4a	3037(SNP:C->U);10265(SNP:G->A);14408(SNP:C->U);23403(SNP:A->G);28881(SNP:G->A);28882(SNP:G->A);28883(SNP:G->C)
-	L2d4b	3037(SNP:C->U);10265(SNP:G->A);14408(SNP:C->U);19718(SNP:C->U);23403(SNP:A->G);28881(SNP:G->A);28882(SNP:G->A);28883(SNP:G->C)
-	L2d5a	3037(SNP:C->U);14408(SNP:C->U);21637(SNP:C->U);23403(SNP:A->G);28169(SNP:A->G);28881(SNP:G->A);28882(SNP:G->A);28883(SNP:G->C)
-	L2d5b	3037(SNP:C->U);12067(SNP:G->U);14408(SNP:C->U);21637(SNP:C->U);22227(SNP:C->U);23403(SNP:A->G);28169(SNP:A->G);28881(SNP:G->A);28882(SNP:G->A);28883(SNP:G->C)
-	L2d5c1	3037(SNP:C->U);8683(SNP:C->U);14408(SNP:C->U);15406(SNP:G->U);21637(SNP:C->U);23403(SNP:A->G);28169(SNP:A->G);28881(SNP:G->A);28882(SNP:G->A);28883(SNP:G->C)
-	L2d5c2	3037(SNP:C->U);8683(SNP:C->U);14408(SNP:C->U);15406(SNP:G->U);16260(SNP:C->U);21637(SNP:C->U);23403(SNP:A->G);28169(SNP:A->G);28881(SNP:G->A);28882(SNP:G->A);28883(SNP:G->C)
-	L2d6	3037(SNP:C->U);14408(SNP:C->U);23403(SNP:A->G);28854(SNP:C->U);28881(SNP:G->A);28882(SNP:G->A);28883(SNP:G->C)
-	L2d7	313(SNP:C->U);3037(SNP:C->U);14408(SNP:C->U);23403(SNP:A->G);28881(SNP:G->A);28882(SNP:G->A);28883(SNP:G->C)
-	L2d8	1210(SNP:G->U);3037(SNP:C->U);9802(SNP:G->U);12067(SNP:G->U);14408(SNP:C->U);23403(SNP:A->G);28881(SNP:G->A);28882(SNP:G->A);28883(SNP:G->C)
-	L2d9a	3037(SNP:C->U);14408(SNP:C->U);23403(SNP:A->G);25617(SNP:G->U);28881(SNP:G->A);28882(SNP:G->A);28883(SNP:G->C)
-	L2d9b	3037(SNP:C->U);11230(SNP:G->U);14408(SNP:C->U);23403(SNP:A->G);24088(SNP:U->C);25617(SNP:G->U);28881(SNP:G->A);28882(SNP:G->A);28883(SNP:G->C)
-	L2d10a	3037(SNP:C->U);10097(SNP:G->A);14408(SNP:C->U);23403(SNP:A->G);23731(SNP:C->U);28881(SNP:G->A);28882(SNP:G->A);28883(SNP:G->C)
-	L2d10b	3037(SNP:C->U);4002(SNP:C->U);10097(SNP:G->A);13536(SNP:C->U);14408(SNP:C->U);23403(SNP:A->G);23731(SNP:C->U);28881(SNP:G->A);28882(SNP:G->A);28883(SNP:G->C)
-	L2e	3037(SNP:C->U);14408(SNP:C->U);23403(SNP:A->G);25429(SNP:G->U)
-	L2f1	3037(SNP:C->U);14408(SNP:C->U);20268(SNP:A->G);23403(SNP:A->G)
-	L2f2a	3037(SNP:C->U);14408(SNP:C->U);20268(SNP:A->G);23403(SNP:A->G);28854(SNP:C->U)
-	L2f2b	3037(SNP:C->U);14408(SNP:C->U);20268(SNP:A->G);21614(SNP:C->U);23403(SNP:A->G);28854(SNP:C->U)
-	L2f3a	3037(SNP:C->U);7767(SNP:U->C);8047(SNP:C->U);14408(SNP:C->U);17104(SNP:C->U);20268(SNP:A->G);22879(SNP:C->A);23403(SNP:A->G)
-	L2f3b	3037(SNP:C->U);7767(SNP:U->C);8047(SNP:C->U);12988(SNP:G->U);14408(SNP:C->U);15598(SNP:G->A);17104(SNP:C->U);18028(SNP:G->U);20268(SNP:A->G);22879(SNP:C->A);23403(SNP:A->G);24910(SNP:U->C);26972(SNP:U->C);27800(SNP:C->A)
-	L2g1	3037(SNP:C->U);14408(SNP:C->U);23403(SNP:A->G);25563(SNP:G->U)
-	L2g2a	3037(SNP:C->U);2416(SNP:C->U);14408(SNP:C->U);23403(SNP:A->G);25563(SNP:G->U)
-	L2g2b	3037(SNP:C->U);2416(SNP:C->U);14408(SNP:C->U);23403(SNP:A->G);25563(SNP:G->U);28854(SNP:C->U)
-	L2g3a	1059(SNP:C->U);3037(SNP:C->U);14408(SNP:C->U);23403(SNP:A->G);25563(SNP:G->U)
-	L2g3b	1059(SNP:C->U);3037(SNP:C->U);14408(SNP:C->U);16260(SNP:C->U);23403(SNP:A->G);25563(SNP:G->U)
-	L2g3c	1059(SNP:C->U);3037(SNP:C->U);11916(SNP:C->U);14408(SNP:C->U);23403(SNP:A->G);25563(SNP:G->U)
-	L2g3d	1059(SNP:C->U);3037(SNP:C->U);14408(SNP:C->U);23403(SNP:A->G);25563(SNP:G->U);28854(SNP:C->U)
-	L2g3e1	1059(SNP:C->U);3037(SNP:C->U);14408(SNP:C->U);23403(SNP:A->G);25563(SNP:G->U);27964(SNP:C->U)
-	L2g3e2a	1059(SNP:C->U);3037(SNP:C->U);10319(SNP:C->U);14408(SNP:C->U);23403(SNP:A->G);25563(SNP:G->U);27964(SNP:C->U)
-	L2g3e2b	1059(SNP:C->U);3037(SNP:C->U);10319(SNP:C->U);14408(SNP:C->U);18424(SNP:A->G);21304(SNP:C->U);23403(SNP:A->G);25563(SNP:G->U);25907(SNP:G->U);27964(SNP:C->U);28869(SNP:C->U)
-	L2g4a	3037(SNP:C->U);14408(SNP:C->U);18877(SNP:C->U);23403(SNP:A->G);25563(SNP:G->U)
-	L2g4b1	3037(SNP:C->U);14408(SNP:C->U);18877(SNP:C->U);23403(SNP:A->G);25563(SNP:G->U);26735(SNP:C->U)
-	L2g4b2	3037(SNP:C->U);14408(SNP:C->U);18877(SNP:C->U);22444(SNP:C->U);23403(SNP:A->G);25563(SNP:G->U);26735(SNP:C->U);28854(SNP:C->U)
-	L2g4b3	3037(SNP:C->U);4543(SNP:C->U);5629(SNP:G->U);9526(SNP:G->U);11497(SNP:C->U);13993(SNP:G->U);14408(SNP:C->U);15766(SNP:G->U);16889(SNP:A->G);17019(SNP:G->U);18877(SNP:C->U);22992(SNP:G->A);23403(SNP:A->G);25563(SNP:G->U);25710(SNP:C->U);26735(SNP:C->U);26876(SNP:U->C);28975(SNP:G->C);29399(SNP:G->A)
